Algorithm: Betweenness Centrality
Vertex Centrality
0 41603.55
1 13864.18
2 4481.74
3 14508.44
4 4839.46
5 8910.71
6 9575.46
7 3965.61
8 9567.31
9 21421.26
10 10432.24
11 1243.13
12 3714.01
13 4343.16
14 11761.90
15 8971.88
16 26185.31
17 9480.17
18 7587.21
19 13150.23
20 7857.09
21 7580.27
22 4660.80
23 893.37
24 3652.18
25 13217.85
26 4220.75
27 22264.50
28 2440.37
29 19281.57
30 1441.76
31 3396.77
32 18265.96
33 22395.92
34 26413.94
35 24556.14
36 18527.30
37 15597.49
38 1836.97
39 14461.97
40 16431.13
41 12648.92
42 20000.41
43 12046.59
44 5317.29
45 5836.55
46 7206.51
47 7894.29
48 28107.24
49 4240.72
50 3615.57
51 4377.14
52 17038.21
53 14952.76
54 31878.83
55 3674.32
56 62272.36
57 32625.95
58 12838.38
59 6028.93
60 3020.52
61 15029.62
62 2416.38
63 19958.58
64 4127.29
65 7029.29
66 6920.17
67 4111.99
68 7689.84
69 3768.99
70 4178.60
71 10368.53
72 3044.58
73 1270.66
74 9728.61
75 14961.32
76 14615.18
77 10028.66
78 4338.06
79 3259.90
80 7142.50
81 889.35
82 4003.85
83 16910.10
84 14319.35
85 35582.04
86 7634.55
87 15643.73
88 13070.62
89 23924.00
90 9411.64
91 9768.87
92 26641.38
93 5665.25
94 7070.40
95 4042.45
96 5840.57
97 4114.96
98 3977.25
99 3566.08
100 914.69
101 4806.17
102 9304.46
103 17889.78
104 7129.79
105 14076.49
106 1964.90
107 6363.23
108 13462.83
109 10252.36
110 12241.04
111 5519.78
112 3787.82
113 4132.08
114 13827.34
115 8248.38
116 4882.73
117 10958.35
118 5192.75
119 10873.92
120 33691.45
121 16596.63
122 22019.49
123 7333.63
124 1699.43
125 14320.79
126 4081.17
127 8203.42
128 4675.79
129 9164.04
130 4570.43
131 14717.73
132 25265.28
133 10351.47
134 12783.17
135 12245.27
136 22158.20
137 13344.87
138 15350.28
139 4686.99
140 11588.86
141 4302.97
142 10863.59
143 3553.48
144 12989.06
145 3819.32
146 4788.88
147 13973.07
148 3881.23
149 2308.76
150 1627.58
151 27068.06
152 12707.39
153 2613.16
154 23772.80
155 15184.29
156 3521.50
157 6717.20
158 4006.08
159 11807.01
160 16660.46
161 10940.69
162 4221.71
163 4093.38
164 4272.64
165 14198.68
166 6309.03
167 29929.19
168 10504.57
169 11882.62
170 7670.73
171 1076.54
172 2815.31
173 5210.24
174 7965.45
175 3623.50
176 10237.67
177 4488.61
178 9429.36
179 20726.74
180 11308.32
181 13323.02
182 19684.36
183 6312.75
184 13046.84
185 7210.31
186 4038.63
187 1501.34
188 18059.56
189 6332.48
190 4973.59
191 26354.67
192 5499.56
193 8380.18
194 6865.09
195 8744.69
196 3853.11
197 3769.05
198 5845.51
199 621.53
200 1693.24
201 16747.63
202 14712.59
203 13017.42
204 5888.77
205 17475.04
206 1344.49
207 4085.30
208 9044.39
209 12980.48
210 9677.39
211 3085.37
212 3074.62
213 7280.97
214 4044.52
215 5225.45
216 10755.32
217 12391.09
218 10250.33
219 5471.42
220 5374.02
221 3553.73
222 8105.30
223 4277.44
224 8911.21
225 5010.56
226 1021.23
227 1108.33
228 5587.22
229 14191.40
230 6256.93
231 2437.78
232 22207.50
233 1425.60
234 5106.24
235 3235.03
236 7024.78
237 15498.41
238 12839.18
239 13666.68
240 13843.27
241 3125.29
242 1861.15
243 22494.06
244 2649.17
245 13291.70
246 3762.47
247 5579.21
248 13319.51
249 12863.39
250 10591.37
251 2261.43
252 23615.19
253 8955.11
254 1897.03
255 13697.12
256 15003.27
257 14786.34
258 10679.91
259 7239.77
260 1378.98
261 3250.57
262 10199.61
263 4510.61
264 834.45
265 1799.28
266 10230.45
267 12238.14
268 4571.98
269 3691.97
270 767.78
271 3348.23
272 6429.01
273 930.00
274 1711.80
275 8737.16
276 9880.51
277 6315.92
278 1415.44
279 9551.33
280 7414.08
281 41330.99
282 18598.78
283 25025.83
284 3168.24
285 34665.64
286 9715.11
287 8792.74
288 3192.84
289 1053.28
290 8096.64
291 2495.93
292 8827.16
293 14575.96
294 4931.59
295 4017.27
296 21310.30
297 22952.53
298 5981.06
299 12834.46
300 6137.07
301 5705.06
302 1208.53
303 7640.83
304 9109.05
305 19902.93
306 9119.61
307 12455.48
308 14215.90
309 12978.38
310 1304.10
311 7355.77
312 13460.88
313 14782.34
314 1417.54
315 2710.37
316 2678.86
317 4747.61
318 16403.55
319 5410.57
320 8915.03
321 4960.11
322 4060.21
323 5270.18
324 4222.62
325 24876.99
326 16376.11
327 4636.16
328 1471.28
329 22342.83
330 5704.64
331 2870.07
332 4342.86
333 2198.28
334 9800.87
335 12182.76
336 4933.08
337 10497.45
338 7689.04
339 20389.65
340 17868.15
341 14177.75
342 9394.91
343 21999.49
344 11307.19
345 7516.63
346 1631.73
347 13816.38
348 6606.70
349 10604.45
350 24849.53
351 7954.18
352 809.01
353 3045.01
354 8273.57
355 8552.62
356 7424.50
357 1325.93
358 15757.66
359 14863.65
360 1750.98
361 5587.31
362 9367.24
363 6722.24
364 8971.13
365 9059.70
366 11571.52
367 1897.27
368 18474.06
369 23229.28
370 1551.71
371 6120.47
372 8971.39
373 16604.83
374 18791.91
375 15076.50
376 11981.04
377 8408.43
378 1711.91
379 9342.81
380 1682.93
381 12584.16
382 13204.92
383 3948.55
384 7659.48
385 6714.01
386 6274.70
387 1571.08
388 15453.13
389 12292.39
390 21563.11
391 5189.37
392 13009.52
393 15563.03
394 13749.87
395 3808.84
396 3971.12
397 14658.57
398 20962.18
399 13011.46
400 6483.67
401 6847.23
402 7896.56
403 5021.24
404 664.72
405 1303.46
406 9475.10
407 16842.14
408 18465.24
409 6263.88
410 7852.40
411 4439.23
412 6290.53
413 1764.52
414 825.96
415 2991.66
416 12815.39
417 2691.39
418 14079.55
419 1817.13
420 8516.41
421 1245.31
422 3565.53
423 3941.84
424 4030.31
425 7252.38
426 9370.32
427 15477.81
428 10256.69
429 10766.54
430 20257.55
431 21493.56
432 5826.60
433 9122.46
434 1562.70
435 10460.46
436 14533.43
437 3386.92
438 1679.56
439 17254.28
440 9762.06
441 16079.58
442 5602.56
443 1255.64
444 11048.72
445 6388.93
446 9900.31
447 6882.38
448 4957.42
449 12109.24
450 19340.89
451 5688.54
452 1203.40
453 806.91
454 5339.26
455 6307.24
456 16957.79
457 15372.76
458 11226.04
459 13747.42
460 3829.88
461 1563.12
462 12919.85
463 5356.04
464 10274.76
465 4162.69
466 5318.56
467 10840.63
468 16253.37
469 4080.84
470 3999.01
471 12673.34
472 1133.38
473 3864.64
474 1246.28
475 8892.93
476 20391.46
477 10034.15
478 5129.63
479 17047.03
480 9240.83
481 21541.92
482 7822.42
483 4107.22
484 11354.86
485 11726.17
486 7258.98
487 17375.97
488 20817.09
489 16812.16
490 8018.80
491 3361.03
492 824.65
493 4643.84
494 7739.06
495 14112.61
496 23114.93
497 11450.08
498 17103.13
499 6564.88
500 21551.80
501 1867.05
502 2359.14
503 2936.66
504 3374.19
505 704.49
506 2405.19
507 11895.81
508 6483.77
509 7220.18
510 3430.01
511 5534.64
512 31341.67
513 4044.28
514 790.12
515 7103.48
516 1010.51
517 3986.27
518 20332.09
519 18742.62
520 16717.76
521 17927.13
522 1896.22
523 11016.48
524 15334.59
525 18074.29
526 40501.94
527 35703.05
528 16880.10
529 2233.30
530 6184.71
531 3041.50
532 4986.90
533 6554.46
534 6153.75
535 28165.39
536 13600.80
537 1368.36
538 3932.70
539 12121.42
540 25747.32
541 23962.85
542 9108.40
543 9285.06
544 22282.57
545 11443.39
546 29899.75
547 27667.19
548 41920.74
549 7988.10
550 17598.96
551 36686.47
552 6206.74
553 13981.55
554 9750.76
555 12964.65
556 11305.09
557 7115.84
558 3194.35
559 9099.28
560 2126.30
561 27617.88
562 7703.66
563 30609.66
564 16362.97
565 1548.98
566 3959.04
567 14155.43
568 9156.92
569 3042.70
570 3944.60
571 5927.98
572 1401.66
573 8279.71
574 11192.68
575 31976.03
576 17899.75
577 12804.70
578 23658.53
579 7516.65
580 4584.60
581 27344.55
582 6275.20
583 7298.40
584 10698.56
585 8539.67
586 3679.27
587 5215.88
588 8160.98
589 9909.50
590 11072.72
591 11519.34
592 5705.72
593 3542.36
594 8974.07
595 11102.81
596 9080.34
597 14563.82
598 11764.55
599 14723.21
600 10888.90
601 8457.38
602 1496.81
603 991.87
604 4995.58
605 7576.60
606 2178.93
607 18769.65
608 14373.73
609 1989.14
610 8546.81
611 19212.90
612 4089.22
613 901.43
614 5899.48
615 11122.55
616 21986.98
617 19133.47
618 6072.12
619 8512.53
620 13366.14
621 1431.50
622 3266.15
623 10733.99
624 9648.46
625 25276.68
626 13197.71
627 13166.08
628 24804.33
629 1799.41
630 7333.75
631 6355.14
632 5722.23
633 3659.30
634 7637.47
635 3817.12
636 1341.98
637 14976.86
638 15846.50
639 1666.53
640 13089.53
641 11512.67
642 5524.92
643 5262.09
644 3815.98
645 10059.32
646 22468.57
647 18639.26
648 9539.69
649 7097.48
650 3290.33
651 4329.77
652 21820.08
653 13233.09
654 3157.81
655 3351.24
656 8116.92
657 4463.22
658 7952.87
659 4019.88
660 14563.42
661 9482.69
662 12316.65
663 1143.26
664 5911.42
665 7493.28
666 4434.43
667 29170.35
668 7118.99
669 42463.44
670 11055.23
671 3631.29
672 3771.20
673 8774.73
674 3097.82
675 7607.15
676 24300.66
677 18215.78
678 18743.64
679 30046.43
680 22172.07
681 26554.99
682 10645.55
683 5811.40
684 4140.04
685 6149.30
686 1129.77
687 3649.45
688 4123.76
689 12994.36
690 5677.52
691 10944.92
692 17070.62
693 5373.63
694 8983.08
695 14617.82
696 9855.21
697 10992.21
698 18229.59
699 8613.38
700 3091.81
701 3670.99
702 8753.48
703 1316.21
704 8621.06
705 4276.57
706 6117.31
707 12072.31
708 8555.18
709 12142.09
710 7848.81
711 6492.25
712 8442.67
713 6862.69
714 14500.18
715 4095.12
716 11762.85
717 11248.34
718 16071.75
719 9623.06
720 2739.94
721 2495.92
722 4197.13
723 9485.04
724 4645.59
725 1067.38
726 4608.62
727 12491.97
728 14657.39
729 7565.71
730 3170.78
731 1632.03
732 16795.32
733 4254.54
734 7072.69
735 5848.57
736 15021.89
737 9000.18
738 1217.45
739 1161.73
740 5800.87
741 9250.76
742 19652.59
743 12492.30
744 12680.01
745 13629.42
746 15550.53
747 12720.95
748 17572.04
749 4481.64
750 5506.37
751 20659.02
752 6311.03
753 2962.19
754 6385.54
755 11951.68
756 2357.49
757 31322.76
758 10301.15
759 1226.20
760 8924.19
761 22247.63
762 9786.94
763 9691.37
764 15621.33
765 4213.52
766 15027.70
767 9878.67
768 17078.71
769 4413.60
770 3427.63
771 2336.49
772 2303.83
773 28938.77
774 8257.79
775 4808.80
776 2995.77
777 8145.36
778 8063.18
779 6816.97
780 1242.97
781 7797.52
782 6456.47
783 10425.18
784 4426.21
785 2926.26
786 3144.40
787 11662.20
788 10937.28
789 23243.31
790 31102.67
791 16584.15
792 8029.87
793 1013.21
794 3989.95
795 29177.81
796 26831.61
797 7674.64
798 4361.06
799 8292.94
800 14966.40
801 8438.92
802 13616.66
803 10565.09
804 11791.35
805 4299.25
806 16544.12
807 4938.29
808 5302.05
809 24583.35
810 33179.36
811 6234.62
812 10298.97
813 31943.39
814 6182.93
815 10073.72
816 13326.42
817 6293.59
818 15616.80
819 12224.98
820 17925.78
821 7756.08
822 1657.10
823 11940.92
824 14273.63
825 4580.02
826 14987.12
827 27822.65
828 5687.60
829 11860.91
830 4876.39
831 7167.35
832 4240.17
833 20984.20
834 12679.40
835 9060.06
836 13005.90
837 20016.24
838 9104.19
839 3692.53
840 7352.70
841 2979.92
842 6496.48
843 14680.36
844 8847.47
845 7950.96
846 3792.98
847 5931.04
848 1289.96
849 8404.68
850 4025.95
851 6235.05
852 2846.74
853 3883.16
854 1099.27
855 14104.07
856 25198.03
857 38725.58
858 55411.51
859 40202.34
860 9563.59
861 10672.22
862 15162.14
863 4730.95
864 14327.99
865 12166.86
866 30270.44
867 9209.70
868 8650.06
869 8592.08
870 18013.00
871 11559.10
872 18368.36
873 9898.51
874 1943.22
875 18907.06
876 7986.15
877 5138.12
878 17117.24
879 1703.97
880 6439.46
881 15257.85
882 22904.56
883 9092.27
884 30293.56
885 7345.36
886 24431.70
887 17846.93
888 6756.90
889 3291.81
890 4343.90
891 21552.61
892 8557.43
893 4908.06
894 13819.64
895 12303.75
896 43088.67
897 3514.41
898 4267.93
899 1031.13
900 3616.82
901 1174.98
902 5303.31
903 21158.45
904 1848.17
905 8073.91
906 29364.79
907 25987.46
908 5648.29
909 17351.35
910 2416.20
911 15057.55
912 7141.99
913 25837.77
914 5532.30
915 8215.15
916 14174.21
917 5455.52
918 13362.40
919 17521.65
920 7749.40
921 15657.48
922 4777.24
923 12278.05
924 3719.77
925 1227.95
926 13573.51
927 13411.00
928 19131.68
929 23554.04
930 10803.49
931 9721.77
932 30208.46
933 8068.12
934 4268.34
935 24475.80
936 8766.87
937 6997.78
938 22688.62
939 4097.68
940 37588.81
941 16777.14
942 22076.85
943 8918.50
944 9854.81
945 6522.99
946 1281.76
947 6849.96
948 15205.75
949 1768.14
950 7844.36
951 19635.83
952 34341.30
953 20781.97
954 2265.47
955 6855.35
956 6502.53
957 3524.06
958 2964.26
959 3883.52
960 11106.42
961 10152.30
962 3604.43
963 3074.52
964 4292.17
965 1609.52
966 13892.34
967 9940.66
968 3656.27
969 1023.94
970 5358.14
971 25977.80
972 15167.42
973 6737.80
974 1783.58
975 746.37
976 3855.89
977 4411.82
978 7072.47
979 17722.76
980 15220.45
981 7534.85
982 6737.11
983 18115.96
984 3318.72
985 29712.05
986 10505.31
987 1456.77
988 7058.12
989 1066.89
990 1622.38
991 11614.57
992 6493.49
993 2108.37
994 20611.05
995 2075.99
996 7711.98
997 2280.88
998 3550.71
999 3724.72
1000 13636.63
1001 17614.35
1002 6728.06
1003 4882.93
1004 1053.97
1005 3119.63
1006 6591.52
1007 27837.69
1008 17876.00
1009 34987.48
1010 7457.35
1011 1159.56
1012 7245.96
1013 10434.02
1014 8111.54
1015 24345.56
1016 10287.33
1017 4379.24
1018 9916.00
1019 4602.07
1020 14496.04
1021 21200.95
1022 41479.42
1023 22586.07
1024 5404.81
1025 5885.60
1026 3538.91
1027 3124.09
1028 7312.21
1029 9441.27
1030 13482.16
1031 4114.99
1032 7954.11
1033 10287.68
1034 4088.10
1035 3559.17
1036 11257.08
1037 13235.91
1038 7613.64
1039 17590.04
1040 9542.98
1041 3297.27
1042 3092.26
1043 8912.96
1044 1079.31
1045 8469.07
1046 16579.88
1047 7217.28
1048 4441.59
1049 5198.06
1050 15703.72
1051 4079.91
1052 19613.34
1053 1678.69
1054 1200.82
1055 18283.35
1056 9898.97
1057 11164.18
1058 8921.74
1059 14172.55
1060 11589.14
1061 5396.55
1062 17097.51
1063 29121.70
1064 16408.49
1065 9147.42
1066 1469.65
1067 9776.78
1068 8237.32
1069 11597.35
1070 7527.90
1071 13964.10
1072 4245.65
1073 9345.68
1074 20838.51
1075 19647.10
1076 14819.81
1077 26066.57
1078 11225.56
1079 12541.43
1080 8195.80
1081 3288.26
1082 1703.12
1083 22055.45
1084 28745.42
1085 13442.05
1086 8196.58
1087 4625.34
1088 4916.10
1089 7228.40
1090 8955.98
1091 4457.56
1092 874.05
1093 3731.90
1094 3759.67
1095 3688.01
1096 17269.03
1097 8370.03
1098 9243.99
1099 12567.25
1100 4994.02
1101 12952.43
1102 3704.31
1103 4378.43
1104 19046.72
1105 2117.16
1106 19263.16
1107 10744.07
1108 36385.19
1109 5230.61
1110 1471.58
1111 16936.52
1112 7888.75
1113 6927.79
1114 3863.81
1115 14391.80
1116 8277.67
1117 8139.89
1118 1310.06
1119 1095.93
1120 9000.76
1121 4008.18
1122 4120.27
1123 11471.61
1124 7549.67
1125 10175.83
1126 16607.78
1127 16866.35
1128 1527.02
1129 1182.12
1130 13971.24
1131 4579.44
1132 2393.05
1133 4180.49
1134 13315.15
1135 6683.90
1136 3574.22
1137 5694.98
1138 1332.46
1139 10459.02
1140 25366.42
1141 17022.84
1142 9024.20
1143 3406.63
1144 5821.96
1145 1554.72
1146 14363.69
1147 7203.76
1148 2254.06
1149 30843.80
1150 1705.30
1151 3832.87
1152 14193.48
1153 33170.37
1154 5246.94
1155 3732.17
1156 3153.53
1157 4680.41
1158 12223.17
1159 8888.54
1160 6012.64
1161 10485.17
1162 5798.09
1163 17410.04
1164 10885.70
1165 18428.08
1166 13368.42
1167 23936.92
1168 10047.11
1169 12462.81
1170 10102.35
1171 1530.46
1172 809.85
1173 4340.14
1174 5083.55
1175 11961.96
1176 7745.39
1177 7134.15
1178 10044.77
1179 12603.29
1180 14061.60
1181 5779.31
1182 4416.27
1183 3858.01
1184 8360.90
1185 7916.32
1186 8328.41
1187 10535.31
1188 3816.47
1189 3187.59
1190 10081.36
1191 10339.98
1192 11870.62
1193 20465.67
1194 3439.20
1195 28497.16
1196 38547.96
1197 14565.83
1198 12105.98
1199 1265.16
1200 3833.26
1201 23830.85
1202 2101.87
1203 13196.20
1204 4787.99
1205 7775.83
1206 10038.34
1207 20896.66
1208 9709.18
1209 12016.38
1210 16767.19
1211 17789.33
1212 8582.46
1213 1058.97
1214 2791.37
1215 9819.97
1216 35203.18
1217 10228.81
1218 4133.90
1219 4731.25
1220 16463.35
1221 10203.53
1222 4867.98
1223 13749.50
1224 8618.97
1225 1035.47
1226 2969.11
1227 5281.64
1228 18972.28
1229 9514.47
1230 9525.34
1231 12959.26
1232 8273.06
1233 4962.46
1234 14655.53
1235 4932.74
1236 12343.50
1237 12266.37
1238 19797.69
1239 36198.15
1240 1335.88
1241 3442.77
1242 17172.31
1243 5671.93
1244 9304.82
1245 8056.11
1246 4766.50
1247 21866.33
1248 1969.34
1249 8276.49
1250 8056.06
1251 1217.43
1252 6009.83
1253 1251.51
1254 9460.86
1255 8832.86
1256 9940.74
1257 8115.44
1258 2182.56
1259 30635.92
1260 35828.63
1261 25451.29
1262 6360.50
1263 12857.15
1264 9463.15
1265 7330.95
1266 7980.22
1267 7222.34
1268 4151.80
1269 2235.83
1270 4735.48
1271 22883.27
1272 40783.32
1273 14293.09
1274 7974.29
1275 6980.42
1276 7667.17
1277 9276.60
1278 22185.45
1279 10230.19
1280 15955.07
1281 31501.15
1282 13883.67
1283 19698.66
1284 18159.45
1285 12916.59
1286 13876.11
1287 10942.48
1288 18197.67
1289 8018.73
1290 4085.76
1291 7954.09
1292 1252.52
1293 6647.61
1294 11426.92
1295 11316.60
1296 9320.20
1297 12390.27
1298 4323.90
1299 5736.52
1300 4510.35
1301 6527.17
1302 12450.64
1303 8240.22
1304 29473.91
1305 16634.58
1306 9414.89
1307 1385.94
1308 7896.71
1309 4767.90
1310 11635.48
1311 6962.00
1312 5585.08
1313 17052.64
1314 5695.20
1315 31382.92
1316 2465.70
1317 9308.08
1318 9586.68
1319 9228.59
1320 24905.08
1321 9959.13
1322 5984.72
1323 2972.28
1324 3682.57
1325 13136.54
1326 14016.63
1327 18048.98
1328 1497.89
1329 5463.80
1330 4230.91
1331 13014.16
1332 1353.19
1333 4854.71
1334 5199.06
1335 4393.08
1336 15622.49
1337 15126.82
1338 5525.28
1339 22208.04
1340 1674.32
1341 2752.67
1342 6493.20
1343 1034.83
1344 4036.70
1345 8176.04
1346 9353.25
1347 11169.18
1348 25746.97
1349 31244.24
1350 2255.93
1351 3448.72
1352 10407.87
1353 13776.82
1354 7953.53
1355 7327.55
1356 2133.03
1357 992.25
1358 5849.00
1359 20926.25
1360 23155.34
1361 19740.91
1362 8728.95
1363 1867.19
1364 12259.85
1365 34184.60
1366 25973.94
1367 9735.76
1368 1430.56
1369 3066.24
1370 5602.09
1371 10308.48
1372 35056.03
1373 1992.83
1374 6097.97
1375 5572.71
1376 30922.85
1377 1889.60
1378 7072.36
1379 6134.30
1380 1659.80
1381 14399.43
1382 13930.83
1383 3998.56
1384 1298.78
1385 20006.63
1386 3524.95
1387 5286.43
1388 4043.68
1389 54996.65
1390 22760.51
1391 13122.07
1392 4530.02
1393 1902.44
1394 33276.57
1395 13718.18
1396 7269.54
1397 4216.97
1398 7090.41
1399 13580.52
1400 6996.53
1401 1826.99
1402 17845.30
1403 7972.65
1404 4449.55
1405 14251.45
1406 17245.47
1407 16797.32
1408 10475.61
1409 18345.09
1410 10756.55
1411 11051.25
1412 32134.78
1413 9563.47
1414 1086.26
1415 1052.57
1416 13803.87
1417 25106.81
1418 9567.18
1419 10104.29
1420 22833.85
1421 13332.08
1422 3633.30
1423 8518.62
1424 7330.98
1425 10983.47
1426 7145.70
1427 867.01
1428 1270.51
1429 5753.36
1430 3084.69
1431 4495.89
1432 12511.87
1433 3812.18
1434 7623.54
1435 7102.57
1436 3499.55
1437 3473.92
1438 7753.82
1439 6231.75
1440 15318.88
1441 4550.34
1442 6096.17
1443 965.61
1444 1304.01
1445 9099.33
1446 9408.28
1447 18912.08
1448 22299.31
1449 2942.60
1450 6185.02
1451 2642.42
1452 2320.48
1453 8916.71
1454 11950.72
1455 5570.48
1456 17267.48
1457 20149.19
1458 25749.03
1459 5775.55
1460 12442.23
1461 12152.65
1462 1152.44
1463 4250.55
1464 9009.47
1465 11947.24
1466 3671.71
1467 6317.51
1468 3080.55
1469 5114.14
1470 20601.03
1471 5235.09
1472 12537.27
1473 12166.47
1474 5220.80
1475 3500.21
1476 2723.45
1477 4037.34
1478 11919.10
1479 6086.55
1480 26430.14
1481 46478.60
1482 11394.87
1483 1533.46
1484 2682.32
1485 802.18
1486 4988.14
1487 19480.90
1488 27759.97
1489 7706.59
1490 15375.05
1491 11992.45
1492 8236.97
1493 25369.87
1494 10933.86
1495 14212.88
1496 1864.49
1497 13219.04
1498 23228.36
1499 4299.34
1500 7655.24
1501 3380.99
1502 5153.57
1503 2632.41
1504 5122.50
1505 18915.40
1506 10460.25
1507 5883.01
1508 28762.86
1509 7576.48
1510 5296.09
1511 9432.14
1512 1434.73
1513 764.95
1514 4747.61
1515 11711.31
1516 14464.52
1517 14397.59
1518 4302.73
1519 10844.29
1520 13478.38
1521 9707.89
1522 9420.01
1523 16385.66
1524 26151.38
1525 10639.76
1526 5041.21
1527 33331.62
1528 12209.03
1529 16562.93
1530 3303.18
1531 811.68
1532 1399.15
1533 6280.53
1534 4262.88
1535 2612.95
1536 4954.88
1537 11748.64
1538 10629.63
1539 8326.26
1540 16023.62
1541 10104.72
1542 6913.81
1543 11665.52
1544 14253.10
1545 16334.57
1546 16530.49
1547 10853.54
1548 9802.00
1549 16812.29
1550 3012.66
1551 7337.67
1552 11592.98
1553 3178.58
1554 6559.10
1555 9796.47
1556 28631.78
1557 20237.83
1558 14575.39
1559 49156.54
1560 3486.98
1561 21928.86
1562 15224.87
1563 4287.49
1564 7020.09
1565 860.32
1566 1135.43
1567 8942.57
1568 12492.12
1569 21252.65
1570 8651.36
1571 9660.80
1572 3063.84
1573 3196.47
1574 14184.71
1575 10762.89
1576 3929.36
1577 19771.28
1578 22077.68
1579 21955.27
1580 29839.24
1581 2407.88
1582 8719.50
1583 1388.28
1584 6430.13
1585 9605.01
1586 5098.70
1587 10029.30
1588 20613.35
1589 20206.76
1590 15435.94
1591 16563.73
1592 2012.02
1593 8848.48
1594 1370.20
1595 7084.00
1596 23905.83
1597 12329.48
1598 14665.20
1599 3278.56
1600 998.70
1601 9716.56
1602 19026.23
1603 4726.18
1604 2535.75
1605 7326.80
1606 5995.37
1607 4809.09
1608 20846.10
1609 7099.35
1610 4540.44
1611 2923.07
1612 6825.92
1613 4672.00
1614 11827.70
1615 16377.32
1616 21060.89
1617 37979.67
1618 30103.10
1619 9468.22
1620 1633.44
1621 2372.96
1622 2779.04
1623 5389.83
1624 7502.78
1625 8886.00
1626 26599.56
1627 14045.81
1628 12021.82
1629 4235.96
1630 8339.19
1631 3568.90
1632 3982.99
1633 17044.45
1634 9329.75
1635 1881.25
1636 2408.52
1637 3021.36
1638 2383.79
1639 18825.22
1640 47611.26
1641 21705.17
1642 21916.35
1643 16013.66
1644 1912.48
1645 8912.86
1646 3731.40
1647 1160.97
1648 14224.55
1649 11517.20
1650 19953.57
1651 5874.74
1652 10793.73
1653 3472.75
1654 2567.00
1655 1451.84
1656 30654.54
1657 18455.61
1658 1842.80
1659 3790.78
1660 4293.47
1661 6248.41
1662 5224.16
1663 1886.24
1664 22897.78
1665 12210.12
1666 9601.81
1667 1109.61
1668 3316.11
1669 13805.51
1670 5995.21
1671 6528.63
1672 2858.54
1673 6362.52
1674 6991.69
1675 4082.95
1676 4261.14
1677 5904.28
1678 35125.19
1679 36268.64
1680 7801.66
1681 26762.05
1682 4785.68
1683 3139.34
1684 885.88
1685 4360.77
1686 10086.18
1687 7756.39
1688 7962.50
1689 7743.89
1690 16801.36
1691 1777.12
1692 6512.41
1693 7249.00
1694 7393.85
1695 15994.41
1696 6872.21
1697 4801.21
1698 18274.98
1699 16732.14
1700 4854.22
1701 3754.27
1702 8563.61
1703 11302.28
1704 4648.74
1705 1501.69
1706 11524.19
1707 6267.28
1708 2118.97
1709 8325.67
1710 17425.60
1711 16720.25
1712 5788.99
1713 10709.95
1714 5772.65
1715 4793.61
1716 4695.41
1717 7211.47
1718 1135.47
1719 3015.61
1720 4859.83
1721 9552.90
1722 9728.34
1723 23836.01
1724 2651.85
1725 12828.12
1726 1089.33
1727 1163.21
1728 11958.30
1729 8458.77
1730 1205.18
1731 8379.95
1732 1560.96
1733 6306.30
1734 4512.89
1735 5798.59
1736 1207.77
1737 4078.54
1738 9615.55
1739 14912.65
1740 11504.20
1741 1748.04
1742 10988.16
1743 12451.70
1744 11411.52
1745 7803.98
1746 16123.34
1747 18272.79
1748 22573.89
1749 5284.47
1750 6075.53
1751 7518.95
1752 9930.12
1753 16536.39
1754 15512.11
1755 14239.76
1756 10161.77
1757 22786.01
1758 4508.59
1759 3397.05
1760 14547.39
1761 7458.05
1762 44682.84
1763 14845.02
1764 2653.37
1765 5840.98
1766 1230.16
1767 4839.17
1768 11636.85
1769 11075.32
1770 3649.57
1771 2679.20
1772 4360.19
1773 7690.85
1774 4530.57
1775 3745.00
1776 7047.23
1777 1199.74
1778 9566.72
1779 4588.63
1780 7115.97
1781 3737.45
1782 7967.56
1783 6617.17
1784 1206.12
1785 4777.52
1786 7448.88
1787 3821.23
1788 4262.81
1789 6863.60
1790 4169.17
1791 6597.54
1792 5164.62
1793 13593.97
1794 10561.87
1795 9641.67
1796 15217.35
1797 12619.87
1798 24158.23
1799 24519.52
1800 18198.23
1801 39230.62
1802 12366.31
1803 1725.05
1804 759.22
1805 6084.20
1806 1111.10
1807 6882.29
1808 3275.39
1809 3604.85
1810 13385.34
1811 3947.41
1812 10225.30
1813 3744.25
1814 7532.54
1815 4310.54
1816 14412.37
1817 7898.03
1818 11740.39
1819 4110.15
1820 4417.19
1821 8144.02
1822 4574.93
1823 20699.27
1824 11603.35
1825 2123.56
1826 13026.46
1827 3808.76
1828 2912.17
1829 7690.51
1830 2722.22
1831 1195.24
1832 10156.23
1833 3581.45
1834 3562.83
1835 3675.48
1836 8836.80
1837 5239.53
1838 21006.38
1839 8875.69
1840 10259.60
1841 4511.00
1842 13220.04
1843 13756.43
1844 1369.05
1845 4014.87
1846 19652.06
1847 8990.85
1848 13414.42
1849 3926.01
1850 5913.53
1851 4809.92
1852 11022.74
1853 10841.98
1854 9638.23
1855 26396.43
1856 12863.68
1857 25683.03
1858 1790.83
1859 5945.63
1860 7716.81
1861 7498.33
1862 7441.55
1863 12026.52
1864 10072.40
1865 27367.89
1866 16578.35
1867 10227.72
1868 2139.64
1869 18978.23
1870 14160.30
1871 2526.49
1872 18176.58
1873 9980.51
1874 15451.14
1875 4558.89
1876 1225.22
1877 8400.34
1878 18462.17
1879 1505.13
1880 7396.09
1881 7844.10
1882 4154.64
1883 10979.30
1884 4926.48
1885 23135.88
1886 19340.24
1887 8079.24
1888 4895.38
1889 7881.83
1890 10727.04
1891 9094.78
1892 16543.69
1893 12690.06
1894 21692.78
1895 22135.91
1896 23057.76
1897 1430.24
1898 3766.42
1899 12923.40
1900 18629.98
1901 6335.51
1902 7973.24
1903 13637.83
1904 4092.07
1905 7657.95
1906 9761.64
1907 19860.63
1908 1501.43
1909 2650.20
1910 9484.71
1911 3619.25
1912 743.65
1913 4440.03
1914 19440.58
1915 2475.00
1916 12545.53
1917 4600.05
1918 7848.88
1919 7790.63
1920 1190.93
1921 901.42
1922 3613.16
1923 17341.27
1924 10488.69
1925 4646.35
1926 13443.47
1927 19081.93
1928 18280.54
1929 13479.47
1930 37020.16
1931 9664.92
1932 9171.79
1933 15564.82
1934 8174.29
1935 5437.34
1936 1461.19
1937 15729.62
1938 55264.63
1939 22728.66
1940 11525.33
1941 12194.60
1942 10673.21
1943 34798.71
1944 28296.40
1945 5058.24
1946 2783.62
1947 6031.76
1948 6483.41
1949 38053.09
1950 36118.13
1951 31113.32
1952 16826.23
1953 9777.93
1954 1720.14
1955 8591.47
1956 14929.39
1957 1509.46
1958 4683.33
1959 8517.88
1960 15730.68
1961 14147.85
1962 19289.94
1963 9602.03
1964 4074.13
1965 2813.94
1966 4303.37
1967 20886.00
1968 4965.97
1969 3168.71
1970 3065.88
1971 5912.67
1972 6041.88
1973 12804.91
1974 1357.27
1975 959.22
1976 7316.24
1977 14721.66
1978 9780.76
1979 4208.96
1980 7381.64
1981 8762.06
1982 11058.62
1983 3811.61
1984 7532.13
1985 7810.62
1986 3812.55
1987 13322.66
1988 1496.41
1989 6457.31
1990 24120.31
1991 4552.15
1992 4142.37
1993 14451.25
1994 4314.76
1995 6329.49
1996 5097.24
1997 29325.23
1998 10373.03
1999 6118.82
2000 15844.90
2001 6733.99
2002 20536.55
2003 26292.41
2004 5676.89
2005 1527.14
2006 15271.83
2007 2050.26
2008 32509.48
2009 2067.30
2010 12304.12
2011 13648.12
2012 12840.16
2013 3917.55
2014 5888.99
2015 4038.87
2016 1180.08
2017 14139.84
2018 19967.85
2019 2465.39
2020 21901.16
2021 5041.97
2022 6142.62
2023 4755.67
2024 9537.63
2025 27817.53
2026 1615.43
2027 3579.63
2028 17554.38
2029 5121.24
2030 10177.68
2031 6523.77
2032 2933.64
2033 3483.71
2034 2664.41
2035 1645.29
2036 13326.83
2037 22512.61
2038 9531.04
2039 6295.12
2040 9246.98
2041 18557.74
2042 4610.16
2043 6720.77
2044 3515.85
2045 1021.02
2046 8938.51
2047 28404.42
2048 6670.44
2049 28817.99
2050 25078.49
2051 19791.75
2052 8802.24
2053 7541.37
2054 10250.35
2055 15178.84
2056 9799.49
2057 3744.90
2058 7206.99
2059 2698.88
2060 2193.62
2061 1191.01
2062 10621.80
2063 26805.45
2064 12953.86
2065 5162.68
2066 10740.69
2067 1491.79
2068 10088.10
2069 6002.29
2070 14279.25
2071 17810.21
2072 8427.97
2073 19063.89
2074 22329.81
2075 1820.73
2076 5101.44
2077 25626.51
2078 9919.70
2079 12057.38
2080 1590.25
2081 6990.80
2082 8148.60
2083 13833.61
2084 21846.86
2085 45448.46
2086 29066.24
2087 12740.07
2088 4960.32
2089 2923.12
2090 4427.09
2091 6921.44
2092 7373.17
2093 4568.94
2094 1502.05
2095 13486.84
2096 7873.04
2097 2849.91
2098 1333.26
2099 8312.93
2100 11796.69
2101 3573.77
2102 3072.17
2103 3145.96
2104 11555.95
2105 13347.54
2106 9297.02
2107 1322.19
2108 7250.05
2109 4162.22
2110 956.84
2111 4161.15
2112 11725.94
2113 7066.28
2114 1345.09
2115 11264.43
2116 8421.13
2117 3352.73
2118 8442.36
2119 12862.73
2120 23353.76
2121 11250.58
2122 5044.69
2123 6287.31
2124 1626.67
2125 3241.27
2126 583.53
2127 2194.69
2128 7676.32
2129 26649.53
2130 5891.11
2131 6013.80
2132 6235.15
2133 4171.37
2134 15257.65
2135 3873.60
2136 6447.38
2137 1173.76
2138 8332.27
2139 22934.57
2140 7018.45
2141 1470.01
2142 728.62
2143 7295.40
2144 1719.69
2145 8118.75
2146 7713.95
2147 2944.46
2148 5246.00
2149 6930.55
2150 3545.67
2151 1183.22
2152 5888.90
2153 24039.78
2154 4533.82
2155 1241.82
2156 9776.46
2157 9606.69
2158 15346.63
2159 19849.66
2160 1862.98
2161 23428.07
2162 28434.10
2163 14349.66
2164 8215.86
2165 5958.24
2166 876.63
2167 3469.00
2168 6574.14
2169 30006.20
2170 3400.00
2171 6425.69
2172 1134.80
2173 1155.36
2174 5332.26
2175 3010.20
2176 7052.06
2177 6876.27
2178 4600.36
2179 17063.39
2180 16463.38
2181 2186.84
2182 9407.39
2183 976.95
2184 1846.20
2185 13601.06
2186 5398.94
2187 13839.84
2188 3107.11
2189 1146.46
2190 8026.34
2191 16604.45
2192 5743.62
2193 1118.93
2194 2969.38
2195 12438.58
2196 18676.42
2197 30052.26
2198 10445.48
2199 7311.08
2200 5276.74
2201 11204.77
2202 11184.39
2203 1825.83
2204 21059.89
2205 11302.90
2206 8224.52
2207 6653.84
2208 10643.13
2209 1509.22
2210 10666.86
2211 35215.20
2212 33689.29
2213 10158.43
2214 12834.66
2215 1202.88
2216 2845.64
2217 989.45
2218 11635.81
2219 9859.07
2220 36699.41
2221 35365.93
2222 6589.04
2223 7302.74
2224 6017.46
2225 2925.25
2226 5391.85
2227 8467.25
2228 6000.60
2229 996.54
2230 1218.10
2231 10294.25
2232 5655.01
2233 3542.70
2234 4447.35
2235 12092.71
2236 12343.71
2237 1396.89
2238 3536.05
2239 11232.52
2240 11229.96
2241 2301.99
2242 905.76
2243 5926.39
2244 903.89
2245 1382.01
2246 7569.73
2247 6928.01
2248 5018.17
2249 9491.71
2250 9740.59
2251 10120.55
2252 4586.75
2253 15040.46
2254 18447.94
2255 4479.64
2256 5228.03
2257 12487.42
2258 4917.06
2259 972.00
2260 944.06
2261 3866.81
2262 19391.92
2263 9023.71
2264 1502.24
2265 909.31
2266 8546.78
2267 24786.72
2268 14610.47
2269 8015.45
2270 27985.64
2271 18643.78
2272 12854.32
2273 1426.37
2274 6966.76
2275 4363.79
2276 7539.25
2277 7857.41
2278 4978.89
2279 814.82
2280 1759.60
2281 22228.78
2282 7793.99
2283 3378.31
2284 4557.91
2285 6172.88
2286 1495.77
2287 8563.09
2288 12596.08
2289 9834.46
2290 22607.35
2291 8392.18
2292 3481.61
2293 5250.30
2294 18323.66
2295 12020.08
2296 12542.10
2297 15542.71
2298 4230.71
2299 4740.94
2300 4525.77
2301 30921.59
2302 11246.65
2303 4800.76
2304 1225.86
2305 5925.84
2306 7972.04
2307 12517.73
2308 4615.89
2309 23050.91
2310 4854.69
2311 6471.33
2312 4803.68
2313 11963.06
2314 1260.76
2315 7225.29
2316 16070.62
2317 1867.86
2318 18909.60
2319 8215.37
2320 3531.40
2321 6148.58
2322 4453.69
2323 17323.34
2324 9552.77
2325 10974.81
2326 30550.27
2327 5801.05
2328 9258.47
2329 987.01
2330 1084.27
2331 9012.29
2332 12192.88
2333 8857.43
2334 4372.99
2335 2824.52
2336 8741.64
2337 6739.26
2338 9913.69
2339 1938.08
2340 12082.37
2341 4769.22
2342 16221.13
2343 7624.04
2344 37988.49
2345 16332.75
2346 4283.97
2347 9558.01
2348 18951.97
2349 12329.52
2350 22230.37
2351 1814.56
2352 11810.78
2353 12964.85
2354 6908.46
2355 25004.19
2356 24200.17
2357 29853.37
2358 8242.60
2359 8034.48
2360 27055.98
2361 21870.31
2362 5810.74
2363 854.21
2364 3465.10
2365 1342.61
2366 15534.54
2367 2261.23
2368 14746.46
2369 1473.05
2370 858.59
2371 4715.21
2372 9703.02
2373 9204.34
2374 12616.42
2375 3414.98
2376 10463.99
2377 5749.39
2378 6285.62
2379 8475.64
2380 5719.71
2381 16081.21
2382 14087.06
2383 2172.77
2384 16241.02
2385 4373.64
2386 8807.97
2387 8438.51
2388 1103.28
2389 13787.66
2390 24385.33
2391 1306.79
2392 4016.88
2393 30231.59
2394 37373.96
2395 5594.89
2396 3179.69
2397 3269.97
2398 927.30
2399 4838.56
2400 11821.45
2401 11951.51
2402 15996.82
2403 17418.37
2404 1852.06
2405 6511.43
2406 3296.91
2407 4774.26
2408 6055.54
2409 1172.63
2410 843.81
2411 3534.96
2412 21049.74
2413 13959.56
2414 16031.85
2415 4603.19
2416 5065.11
2417 4286.74
2418 16406.46
2419 8415.65
2420 3293.95
2421 7085.85
2422 7758.92
2423 15610.14
2424 9136.88
2425 10813.14
2426 14685.76
2427 13791.12
2428 8341.94
2429 13145.37
2430 8729.32
2431 6301.53
2432 9325.96
2433 15387.09
2434 57559.07
2435 16175.62
2436 8488.12
2437 10278.73
2438 1421.47
2439 9176.38
2440 1314.06
2441 6048.58
2442 21946.86
2443 4737.05
2444 6874.51
2445 6536.15
2446 7899.43
2447 1520.55
2448 10137.42
2449 6951.74
2450 6984.55
2451 4166.97
2452 8172.73
2453 3579.29
2454 7205.31
2455 7027.98
2456 4003.91
2457 14244.20
2458 1505.36
2459 8299.96
2460 12955.10
2461 49950.06
2462 12349.38
2463 5474.42
2464 3122.06
2465 3239.97
2466 2591.43
2467 23381.95
2468 25581.68
2469 7816.39
2470 14733.44
2471 8095.68
2472 992.80
2473 2802.40
2474 6295.93
2475 11629.46
2476 9391.51
2477 3697.18
2478 3996.11
2479 8097.21
2480 8415.38
2481 6104.34
2482 926.93
2483 23363.32
2484 20902.99
2485 15536.07
2486 26656.92
2487 17927.58
2488 6784.51
2489 992.21
2490 5634.99
2491 15549.21
2492 11548.49
2493 4371.74
2494 14772.10
2495 1611.94
2496 10711.09
2497 2971.11
2498 2521.19
2499 3256.07
2500 13994.32
2501 3690.03
2502 1299.40
2503 22113.58
2504 5884.35
2505 3622.76
2506 7622.40
2507 1768.85
2508 13335.60
2509 10228.81
2510 8878.49
2511 1135.63
2512 6839.65
2513 4256.58
2514 14327.06
2515 39275.67
2516 17074.41
2517 7945.31
2518 5855.85
2519 3436.32
2520 7077.36
2521 11455.16
2522 1707.62
2523 11988.89
2524 3577.23
2525 949.92
2526 4076.40
2527 4080.18
2528 1585.00
2529 17933.60
2530 6758.76
2531 14619.55
2532 1921.39
2533 12467.14
2534 8598.54
2535 6564.30
2536 1377.48
2537 6089.14
2538 16220.97
2539 17371.26
2540 4828.28
2541 12870.43
2542 16686.16
2543 1913.72
2544 27188.39
2545 21551.66
2546 1683.23
2547 8511.23
2548 11970.05
2549 22376.00
2550 8601.82
2551 13843.57
2552 36388.13
2553 13262.26
2554 12193.65
2555 18574.10
2556 4248.74
2557 793.93
2558 4699.83
2559 5181.41
2560 21291.14
2561 35785.78
2562 13716.40
2563 2990.92
2564 1364.53
2565 10140.32
2566 20824.82
2567 13829.45
2568 28556.79
2569 17096.82
2570 1398.27
2571 3984.97
2572 20954.57
2573 8203.27
2574 8012.28
2575 9610.17
2576 14892.93
2577 9518.26
2578 8429.74
2579 5230.30
2580 827.80
2581 7393.59
2582 5736.55
2583 26835.92
2584 4623.63
2585 2842.90
2586 7894.18
2587 6270.81
2588 16411.52
2589 22070.66
2590 8614.97
2591 9060.14
2592 8672.23
2593 4985.73
2594 1350.63
2595 8742.62
2596 3765.34
2597 12833.46
2598 3723.67
2599 3541.24
2600 8683.62
2601 23929.48
2602 10295.84
2603 7415.68
2604 4088.64
2605 5034.08
2606 1142.86
2607 6667.40
2608 8461.23
2609 4203.92
2610 8661.08
2611 9735.99
2612 6365.72
2613 9074.14
2614 5058.30
2615 31170.93
2616 4970.09
2617 3094.84
2618 1026.46
2619 13497.51
2620 23758.24
2621 6218.92
2622 11183.47
2623 3487.51
2624 6411.58
2625 16808.77
2626 12341.91
2627 18461.58
2628 2121.58
2629 13168.70
2630 1910.21
2631 8693.17
2632 2764.78
2633 22870.91
2634 24598.17
2635 18330.71
2636 17809.23
2637 1307.63
2638 6405.06
2639 4986.83
2640 18220.35
2641 5753.16
2642 7663.02
2643 8832.18
2644 1507.50
2645 2376.96
2646 1467.80
2647 12675.92
2648 1920.18
2649 9816.15
2650 1931.93
2651 10355.64
2652 13408.89
2653 6580.11
2654 3805.20
2655 3682.91
2656 12732.98
2657 49222.14
2658 33748.21
2659 14323.45
2660 5838.83
2661 2886.74
2662 4382.08
2663 2606.25
2664 899.25
2665 4376.54
2666 5436.16
2667 5136.80
2668 1577.06
2669 15512.96
2670 7545.77
2671 3863.75
2672 3329.37
2673 3391.54
2674 4631.23
2675 19270.49
2676 32800.73
2677 51738.29
2678 44211.89
2679 22692.58
2680 10243.17
2681 10603.31
2682 8390.79
2683 4911.02
2684 16815.73
2685 1585.92
2686 8655.00
2687 33848.74
2688 1570.76
2689 4621.33
2690 29820.15
2691 7301.58
2692 6096.05
2693 6651.16
2694 4581.21
2695 21529.82
2696 6993.04
2697 23139.43
2698 8206.12
2699 29384.95
2700 9295.58
2701 746.27
2702 1405.74
2703 31422.38
2704 10308.40
2705 8495.75
2706 4550.25
2707 17043.88
2708 1898.59
2709 3227.84
2710 9010.20
2711 21743.69
2712 5517.04
2713 14754.54
2714 4662.01
2715 5673.24
2716 1550.79
2717 16906.51
2718 12876.92
2719 3796.16
2720 4625.26
2721 18452.65
2722 36776.15
2723 15815.97
2724 26502.20
2725 14511.05
2726 3727.57
2727 1263.77
2728 12529.45
2729 12293.86
2730 4063.85
2731 8674.63
2732 5878.30
2733 3326.56
2734 5033.53
2735 1183.47
2736 5985.95
2737 3907.05
2738 4145.55
2739 14254.87
2740 17161.49
2741 13161.69
2742 3938.01
2743 3133.81
2744 7949.56
2745 8220.83
2746 8773.31
2747 16632.11
2748 3542.62
2749 3035.56
2750 11482.12
2751 27300.46
2752 12234.47
2753 23776.68
2754 1912.71
2755 8045.00
2756 3648.70
2757 13123.07
2758 9149.78
2759 2951.97
2760 5725.34
2761 25455.05
2762 36158.59
2763 9597.25
2764 11172.71
2765 27760.90
2766 6980.77
2767 7336.78
2768 14823.07
2769 5492.79
2770 12537.62
2771 8316.41
2772 8628.83
2773 6661.28
2774 13578.39
2775 6110.22
2776 13653.90
2777 20362.04
2778 37772.34
2779 16304.37
2780 2849.33
2781 9691.52
2782 27094.67
2783 9702.26
2784 1985.30
2785 18260.79
2786 18618.87
2787 49559.58
2788 20383.83
2789 34219.48
2790 6245.65
2791 1621.11
2792 15916.09
2793 7038.62
2794 1790.57
2795 705.32
2796 2834.38
2797 20814.24
2798 9514.45
2799 3685.60
2800 6758.49
2801 2528.46
2802 32217.30
2803 9363.62
2804 16481.82
2805 36304.09
2806 28876.35
2807 13422.15
2808 5154.27
2809 3657.54
2810 8573.68
2811 8731.58
2812 10581.85
2813 14943.84
2814 15809.15
2815 1892.56
2816 6513.38
2817 2671.32
2818 851.47
2819 4863.91
2820 8034.12
2821 23898.43
2822 1733.74
2823 6479.44
2824 7746.96
2825 16402.75
2826 8361.02
2827 4562.29
2828 3079.61
2829 9173.25
2830 5345.70
2831 18118.99
2832 8486.74
2833 9317.63
2834 6854.22
2835 12971.08
2836 21997.28
2837 19556.51
2838 40047.93
2839 14835.89
2840 4426.24
2841 972.61
2842 4500.66
2843 1030.29
2844 7439.37
2845 14584.50
2846 8705.59
2847 812.60
2848 3582.80
2849 5448.35
2850 13888.38
2851 18147.47
2852 4398.01
2853 9794.64
2854 9415.92
2855 5750.61
2856 24692.55
2857 28939.02
2858 21627.21
2859 11842.15
2860 4048.83
2861 8892.20
2862 13189.52
2863 9678.52
2864 13952.79
2865 11487.78
2866 4825.23
2867 1357.49
2868 11744.75
2869 8030.54
2870 4892.36
2871 23742.84
2872 4689.93
2873 6656.38
2874 2376.77
2875 1776.72
2876 27853.07
2877 9363.48
2878 25249.79
2879 11505.02
2880 15130.37
2881 5714.59
2882 18866.08
2883 13057.92
2884 4946.48
2885 13562.73
2886 15646.63
2887 14537.38
2888 3927.16
2889 3254.04
2890 5914.95
2891 4127.88
2892 5193.18
2893 7283.51
2894 9045.13
2895 7277.13
2896 15254.75
2897 1402.39
2898 5562.54
2899 50119.30
2900 6192.74
2901 3569.04
2902 4737.29
2903 835.55
2904 6438.73
2905 8562.11
2906 5739.67
2907 1778.44
2908 24703.19
2909 4303.37
2910 6433.64
2911 3577.15
2912 3505.58
2913 13990.79
2914 1623.95
2915 5711.68
2916 5216.33
2917 14011.07
2918 5004.22
2919 12138.61
2920 35779.73
2921 9535.15
2922 2138.69
2923 16808.45
2924 4994.98
2925 3948.16
2926 14533.42
2927 24719.59
2928 6827.94
2929 5049.40
2930 22914.05
2931 13886.17
2932 2517.98
2933 41057.91
2934 5871.11
2935 1268.31
2936 4112.74
2937 14824.11
2938 8773.44
2939 9500.20
2940 1589.29
2941 3614.24
2942 6702.10
2943 1029.00
2944 1520.17
2945 8888.85
2946 4775.85
2947 5096.05
2948 9519.86
2949 2076.87
2950 2958.33
2951 820.66
2952 3849.56
2953 1681.82
2954 8572.15
2955 17748.53
2956 7484.93
2957 12805.86
2958 12532.46
2959 12797.92
2960 1444.14
2961 1203.92
2962 21309.90
2963 4578.33
2964 2510.75
2965 5520.30
2966 9204.04
2967 20959.09
2968 12890.35
2969 8983.42
2970 10620.08
2971 20928.31
2972 2171.95
2973 10507.98
2974 10477.08
2975 17643.33
2976 15723.20
2977 17913.93
2978 20958.83
2979 3969.21
2980 2556.13
2981 1624.92
2982 16838.87
2983 7563.51
2984 10134.58
2985 17127.43
2986 20442.19
2987 1533.78
2988 7111.99
2989 12155.10
2990 10277.64
2991 16149.07
2992 21952.40
2993 24181.93
2994 13428.49
2995 19154.29
2996 3367.83
2997 3994.70
2998 734.58
2999 1566.82
3000 6401.58
3001 4097.47
3002 836.37
3003 6061.58
3004 4134.67
3005 7073.77
3006 3770.57
3007 9215.25
3008 18822.57
3009 2239.62
3010 18047.74
3011 4238.15
3012 3913.92
3013 7222.25
3014 9375.06
3015 10185.90
3016 14741.03
3017 5122.00
3018 6563.15
3019 7458.28
3020 14237.15
3021 3489.12
3022 1051.97
3023 12487.09
3024 2689.72
3025 21054.69
3026 15142.55
3027 18923.09
3028 25595.57
3029 10103.64
3030 4378.57
3031 814.45
3032 3776.02
3033 6560.57
3034 1639.67
3035 12199.37
3036 14118.23
3037 1205.40
3038 2490.86
3039 3234.08
3040 4137.24
3041 6657.84
3042 4092.63
3043 2288.64
3044 2820.62
3045 16920.06
3046 3671.85
3047 5645.61
3048 8510.34
3049 9889.78
3050 1538.12
3051 8953.43
3052 20638.27
3053 16241.55
3054 4177.08
3055 3696.08
3056 3184.91
3057 4006.51
3058 962.97
3059 4180.68
3060 7961.40
3061 24134.11
3062 7054.61
3063 17927.61
3064 4498.62
3065 8599.31
3066 10391.04
3067 8603.84
3068 10556.76
3069 7021.95
3070 3754.49
3071 3829.54
3072 3641.78
3073 10825.50
3074 4853.40
3075 9384.49
3076 17960.65
3077 14374.10
3078 22621.04
3079 8257.65
3080 1246.15
3081 6218.15
3082 4666.20
3083 21118.39
3084 6401.50
3085 18653.61
3086 3716.79
3087 6075.61
3088 5406.05
3089 12744.79
3090 4830.64
3091 3727.71
3092 4229.81
3093 3882.93
3094 2939.51
3095 691.26
3096 2884.22
3097 15564.53
3098 8014.01
3099 21241.96
3100 8368.25
3101 3302.25
3102 4030.37
3103 966.61
3104 4532.30
3105 7104.72
3106 7668.03
3107 1151.99
3108 7225.03
3109 4671.76
3110 3999.92
3111 8344.81
3112 3599.26
3113 1004.69
3114 4678.29
3115 6580.90
3116 814.49
3117 5899.48
3118 829.20
3119 2447.97
3120 16029.22
3121 5677.96
3122 3919.85
3123 7203.67
3124 1780.81
3125 21777.47
3126 14772.63
3127 2024.29
3128 10827.66
3129 12323.50
3130 7569.26
3131 6453.43
3132 3173.78
3133 8463.07
3134 21043.86
3135 10897.35
3136 6542.97
3137 10527.95
3138 11747.13
3139 3688.44
3140 9519.63
3141 23465.89
3142 15605.82
3143 6913.19
3144 1964.06
3145 18465.25
3146 1919.11
3147 881.34
3148 4772.23
3149 9401.50
3150 3471.78
3151 3901.29
3152 649.37
3153 3653.29
3154 4744.02
3155 26329.19
3156 16598.21
3157 7153.09
3158 36250.64
3159 5814.88
3160 4105.91
3161 14018.40
3162 9079.26
3163 5345.29
3164 7225.40
3165 6226.76
3166 5510.26
3167 34768.40
3168 5952.20
3169 13752.51
3170 20521.34
3171 10973.76
3172 11560.42
3173 32700.72
3174 6274.27
3175 16468.08
3176 18989.98
3177 8193.83
3178 8512.66
3179 10562.50
3180 23488.20
3181 24639.12
3182 30706.91
3183 9407.19
3184 1065.90
3185 7706.07
3186 14469.45
3187 10930.64
3188 4460.58
3189 12394.78
3190 5112.47
3191 14137.30
3192 5852.31
3193 9063.13
3194 11721.95
3195 1619.36
3196 7141.44
3197 8288.21
3198 10612.97
3199 4174.20
3200 11268.48
3201 1360.00
3202 3671.75
3203 3224.29
3204 1704.89
3205 16227.94
3206 22140.54
3207 10030.64
3208 2207.78
3209 28214.19
3210 2585.99
3211 19674.32
3212 7544.82
3213 13958.11
3214 6468.92
3215 3233.85
3216 6718.94
3217 6631.74
3218 31132.31
3219 8615.50
3220 1041.37
3221 12088.72
3222 1514.87
3223 2597.37
3224 1325.86
3225 10809.54
3226 3751.83
3227 3094.68
3228 5500.22
3229 9375.75
3230 13188.27
3231 4439.35
3232 13351.30
3233 22543.97
3234 15139.01
3235 10041.98
3236 2801.46
3237 2932.35
3238 4104.08
3239 35253.14
3240 6462.24
3241 4053.10
3242 4198.57
3243 1536.93
3244 7286.46
3245 4754.02
3246 2946.32
3247 1005.16
3248 6579.51
3249 4287.59
3250 9418.01
3251 11405.40
3252 8018.36
3253 9829.72
3254 11260.42
3255 21928.11
3256 20896.57
3257 28501.41
3258 8620.32
3259 8287.66
3260 20970.23
3261 10401.95
3262 29386.51
3263 2934.74
3264 771.40
3265 1724.75
3266 10660.08
3267 17977.08
3268 7626.71
3269 7373.34
3270 3553.70
3271 839.81
3272 7048.26
3273 1431.84
3274 800.10
3275 3258.51
3276 23507.56
3277 7120.14
3278 8253.67
3279 7741.92
3280 5205.55
3281 9997.14
3282 11883.23
3283 693.09
3284 5899.02
3285 9165.44
3286 14351.20
3287 13452.66
3288 13584.25
3289 9364.84
3290 7434.33
3291 2243.57
3292 2689.83
3293 7888.83
3294 10629.94
3295 29882.76
3296 3699.58
3297 997.58
3298 8503.04
3299 40972.64
3300 19268.06
3301 4217.06
3302 1170.52
3303 11209.33
3304 11760.19
3305 6450.63
3306 8735.40
3307 10099.53
3308 7051.51
3309 6455.15
3310 20776.76
3311 10060.47
3312 9248.10
3313 10906.85
3314 1165.90
3315 16879.73
3316 5090.51
3317 3622.03
3318 4429.67
3319 7596.32
3320 16849.16
3321 28627.53
3322 23554.79
3323 15352.96
3324 3371.31
3325 2654.09
3326 15808.71
3327 5743.20
3328 4257.10
3329 3310.93
3330 4555.08
3331 1385.96
3332 7730.47
3333 4296.29
3334 9883.80
3335 9146.89
3336 9767.05
3337 17427.10
3338 28508.56
3339 8568.63
3340 10087.93
3341 19690.83
3342 10388.04
3343 4505.31
3344 5682.56
3345 7026.09
3346 960.58
3347 6984.76
3348 4883.74
3349 24618.32
3350 2401.34
3351 8245.99
3352 13072.14
3353 10503.50
3354 11394.30
3355 5320.42
3356 16410.38
3357 1756.52
3358 5222.19
3359 10099.15
3360 7698.79
3361 3308.59
3362 3495.25
3363 4105.95
3364 9204.16
3365 5400.07
3366 32343.48
3367 29103.22
3368 6110.07
3369 9751.92
3370 1289.44
3371 4356.45
3372 8350.02
3373 10053.88
3374 3339.48
3375 8058.10
3376 7965.75
3377 1823.39
3378 15943.08
3379 13777.27
3380 16452.61
3381 21681.57
3382 30917.38
3383 12716.46
3384 17073.73
3385 1996.99
3386 12328.25
3387 3976.80
3388 8350.22
3389 4028.63
3390 1550.82
3391 18264.94
3392 8347.91
3393 5672.15
3394 32672.81
3395 1368.41
3396 3891.17
3397 26667.40
3398 9960.22
3399 4823.90
3400 6063.04
3401 11546.00
3402 1954.33
3403 2405.74
3404 3857.61
3405 9261.60
3406 19842.25
3407 15441.68
3408 1319.32
3409 3202.03
3410 6627.91
3411 6013.15
3412 13775.66
3413 22760.62
3414 1561.02
3415 4285.58
3416 14799.81
3417 11427.03
3418 20951.62
3419 4597.92
3420 8430.15
3421 8188.50
3422 3170.63
3423 2832.61
3424 6946.36
3425 3360.44
3426 19088.64
3427 4241.75
3428 16128.33
3429 8479.44
3430 8875.04
3431 16642.43
3432 32725.63
3433 15883.85
3434 14768.15
3435 20692.69
3436 15123.52
3437 4870.20
3438 10835.69
3439 21403.01
3440 35840.21
3441 26234.21
3442 42389.10
3443 48771.60
3444 12659.04
3445 2114.27
3446 5570.21
3447 775.70
3448 3749.66
3449 7201.17
3450 15437.71
3451 22256.59
3452 12755.89
3453 16265.61
3454 8954.72
3455 12566.89
3456 3242.31
3457 3244.52
3458 4438.48
3459 2171.52
3460 22744.29
3461 15468.77
3462 7536.92
3463 4635.66
3464 20150.05
3465 31284.98
3466 21564.59
3467 8694.18
3468 5726.87
3469 3328.69
3470 621.85
3471 2034.84
3472 22962.40
3473 11297.34
3474 1167.44
3475 4536.76
3476 23770.92
3477 8832.78
3478 5115.30
3479 6312.11
3480 1826.88
3481 19334.89
3482 11877.11
3483 14535.74
3484 20652.43
3485 20594.17
3486 5731.49
3487 12590.24
3488 10331.50
3489 2729.41
3490 639.95
3491 1792.40
3492 9622.10
3493 9597.85
3494 8653.42
3495 15949.13
3496 21729.11
3497 14175.47
3498 27558.74
3499 9243.89
3500 4178.77
3501 10193.40
3502 41367.73
3503 15973.43
3504 1340.01
3505 1100.49
3506 11878.93
3507 8738.15
3508 1267.28
3509 3393.36
3510 10535.51
3511 1372.72
3512 5908.87
3513 20630.95
3514 1978.65
3515 11107.25
3516 19681.51
3517 6955.29
3518 8854.73
3519 8646.03
3520 14345.75
3521 9825.55
3522 24931.23
3523 4211.69
3524 3826.90
3525 7709.85
3526 6043.53
3527 14818.88
3528 1333.10
3529 3193.80
3530 11770.34
3531 43569.35
3532 10114.16
3533 1071.59
3534 1324.70
3535 19199.73
3536 5107.76
3537 11196.49
3538 9641.85
3539 1249.40
3540 1149.24
3541 8896.34
3542 4849.39
3543 20108.14
3544 27036.59
3545 26607.41
3546 20396.44
3547 26336.81
3548 12415.39
3549 11691.04
3550 18879.75
3551 13585.94
3552 15701.41
3553 14615.89
3554 11615.09
3555 10710.57
3556 7800.24
3557 3355.13
3558 765.17
3559 7169.52
3560 8088.64
3561 7860.86
3562 3770.37
3563 4048.76
3564 20015.53
3565 4389.85
3566 10565.27
3567 11763.76
3568 4080.89
3569 4385.10
3570 21814.83
3571 1960.70
3572 9676.33
3573 7200.15
3574 23900.72
3575 1874.59
3576 11558.07
3577 3637.28
3578 1338.92
3579 15635.21
3580 1948.20
3581 14399.82
3582 8833.12
3583 1195.78
3584 3376.80
3585 15929.64
3586 9643.84
3587 9289.98
3588 18345.08
3589 5556.85
3590 21474.80
3591 20227.24
3592 9523.26
3593 7885.65
3594 6106.32
3595 1004.49
3596 6150.76
3597 10024.39
3598 13050.54
3599 10551.60
3600 23936.91
3601 16807.99
3602 11170.27
3603 4122.34
3604 14690.31
3605 24548.08
3606 10814.58
3607 20165.47
3608 5806.40
3609 11669.94
3610 34445.59
3611 22946.74
3612 10328.47
3613 14713.01
3614 10514.33
3615 4669.15
3616 10367.40
3617 6383.61
3618 1663.55
3619 12645.02
3620 1084.80
3621 3209.91
3622 9110.00
3623 16367.13
3624 36770.61
3625 5247.59
3626 3732.84
3627 8126.58
3628 5977.21
3629 8709.80
3630 4787.96
3631 7616.00
3632 6747.53
3633 5772.79
3634 50087.59
3635 23723.16
3636 2856.22
3637 937.80
3638 6495.19
3639 1387.07
3640 5706.29
3641 862.13
3642 1482.19
3643 6383.22
3644 22501.71
3645 14414.63
3646 9478.05
3647 34235.60
3648 18544.59
3649 1170.87
3650 1279.68
3651 17678.67
3652 5072.47
3653 24022.67
3654 15546.26
3655 4376.99
3656 3069.61
3657 6520.65
3658 9721.13
3659 17552.84
3660 4244.30
3661 6150.17
3662 2618.30
3663 5649.54
3664 23223.04
3665 2043.19
3666 5559.63
3667 1696.82
3668 14154.85
3669 9823.83
3670 15997.44
3671 34309.03
3672 10072.32
3673 10580.12
3674 8494.62
3675 1729.25
3676 12649.53
3677 26321.77
3678 9101.34
3679 9797.28
3680 26064.34
3681 2259.37
3682 5028.86
3683 983.16
3684 3309.20
3685 7073.91
3686 5617.00
3687 4501.92
3688 18684.04
3689 5481.89
3690 14827.23
3691 9270.61
3692 12369.30
3693 26611.14
3694 12409.68
3695 23090.99
3696 20112.64
3697 27953.83
3698 16548.66
3699 12686.66
3700 16426.22
3701 8636.55
3702 7370.94
3703 8105.43
3704 1194.73
3705 2774.75
3706 3907.47
3707 10393.15
3708 7959.60
3709 5288.42
3710 3558.57
3711 3111.59
3712 2316.67
3713 1126.60
3714 7039.89
3715 5020.65
3716 5589.60
3717 17845.15
3718 10407.44
3719 14521.60
3720 4527.65
3721 18283.00
3722 1591.31
3723 9424.80
3724 9373.49
3725 14825.02
3726 1616.42
3727 9267.94
3728 14552.23
3729 13755.64
3730 6718.56
3731 17315.97
3732 1263.60
3733 2375.82
3734 6523.83
3735 3472.90
3736 3571.67
3737 7252.31
3738 6788.40
3739 2967.80
3740 1521.31
3741 16692.64
3742 19808.39
3743 27133.10
3744 12145.18
3745 8817.57
3746 6162.80
3747 1104.49
3748 6048.94
3749 16532.37
3750 3998.49
3751 3078.10
3752 3136.73
3753 3155.49
3754 7378.42
3755 14214.26
3756 7552.77
3757 9709.79
3758 17818.34
3759 3603.83
3760 10590.23
3761 8614.76
3762 10369.57
3763 7130.79
3764 10022.31
3765 30971.32
3766 5091.46
3767 2896.26
3768 5570.90
3769 9285.18
3770 11490.65
3771 12433.77
3772 10926.62
3773 11789.90
3774 1768.02
3775 10045.44
3776 7029.92
3777 702.09
3778 3776.16
3779 7653.13
3780 1852.77
3781 43653.87
3782 14120.96
3783 28698.04
3784 18560.44
3785 4071.05
3786 3286.24
3787 3939.83
3788 23925.99
3789 6067.46
3790 23594.17
3791 12461.67
3792 30753.09
3793 14261.18
3794 5464.00
3795 1247.48
3796 2368.30
3797 3076.73
3798 5810.25
3799 6030.41
3800 6490.56
3801 8350.11
3802 6970.40
3803 10867.56
3804 1844.04
3805 5908.81
3806 452.00
3807 5863.62
3808 13131.69
3809 2870.92
3810 2762.08
3811 3533.41
3812 9840.01
3813 717.27
3814 2961.82
3815 6126.02
3816 3827.76
3817 6327.26
3818 3473.56
3819 2075.55
3820 8825.72
3821 5755.63
3822 24929.07
3823 16103.15
3824 3393.41
3825 3850.89
3826 3053.29
3827 3118.79
3828 9607.03
3829 1974.79
3830 7002.94
3831 11230.42
3832 4229.22
3833 3488.13
3834 3950.82
3835 16665.91
3836 2785.16
3837 5827.07
3838 7802.29
3839 8311.91
3840 1454.79
3841 2724.39
3842 2295.70
3843 15523.14
3844 12458.37
3845 5794.79
3846 695.23
3847 5155.42
3848 5326.05
3849 756.02
3850 17337.55
3851 4838.63
3852 1917.06
3853 6548.80
3854 6015.91
3855 9313.20
3856 24114.80
3857 2425.65
3858 5536.56
3859 6293.50
3860 11501.25
3861 4703.63
3862 11766.10
3863 3783.17
3864 8442.46
3865 3936.49
3866 6309.56
3867 12169.58
3868 7401.45
3869 576.28
3870 5316.71
3871 1679.47
3872 6762.07
3873 21770.06
3874 2242.64
3875 3319.32
3876 9821.19
3877 6523.42
3878 21787.55
3879 21360.71
3880 5738.18
3881 15146.65
3882 8122.01
3883 7666.01
3884 5570.71
3885 631.61
3886 13645.50
3887 4317.24
3888 10495.73
3889 7862.17
3890 5781.45
3891 3628.75
3892 1692.61
3893 3794.35
3894 8831.37
3895 1883.87
3896 1715.39
3897 6450.95
3898 2384.87
3899 548.37
3900 7182.50
3901 682.49
3902 5939.15
3903 7956.15
3904 10398.25
3905 7430.77
3906 13521.57
3907 2671.88
3908 19770.11
3909 2183.23
3910 9239.03
3911 5572.98
3912 1643.88
3913 3804.80
3914 4571.56
3915 7493.85
3916 4722.30
3917 585.03
3918 1734.62
3919 3905.74
3920 189.15
3921 1377.33
3922 2705.73
3923 3312.99
3924 4171.76
3925 1324.74
3926 4019.00
3927 9574.96
3928 2013.71
3929 556.66
3930 8551.70
3931 6553.47
3932 4320.98
3933 6623.47
3934 2380.65
3935 5896.57
3936 15825.45
3937 6075.81
3938 6874.36
3939 11593.57
3940 14391.36
3941 2170.59
3942 4717.26
3943 4588.70
3944 16326.98
3945 7042.39
3946 3340.57
3947 1041.82
3948 2625.95
3949 14348.24
3950 6308.06
3951 1800.60
3952 1866.69
3953 5658.49
3954 8987.77
3955 3175.83
3956 1291.69
3957 6347.53
3958 4656.30
3959 20458.16
3960 7031.16
3961 11015.09
3962 2189.20
3963 11816.95
3964 18969.12
3965 4210.19
3966 3311.20
3967 587.58
3968 11591.75
3969 11696.76
3970 2089.31
3971 1370.81
3972 2617.63
3973 12389.96
3974 11618.43
3975 10867.63
3976 7175.23
3977 6336.81
3978 6418.92
3979 13582.30
3980 6436.22
3981 704.11
3982 10108.11
3983 1883.23
3984 592.59
3985 6451.53
3986 9718.34
3987 14779.89
3988 4383.80
3989 4421.46
3990 1411.51
3991 2889.48
3992 3355.53
3993 2104.07
3994 1807.65
3995 7098.36
3996 3847.72
3997 4667.41
3998 3317.99
3999 1750.52
4000 1527.74
4001 3132.94
4002 567.17
4003 8597.67
4004 1137.89
4005 12115.01
4006 27432.58
4007 2432.08
4008 3282.63
4009 9081.15
4010 576.58
4011 2765.32
4012 2912.29
4013 1728.33
4014 3702.09
4015 14070.11
4016 14211.84
4017 2309.43
4018 2419.82
4019 4438.75
4020 27432.78
4021 12800.97
4022 14854.11
4023 7368.59
4024 9565.17
4025 12905.15
4026 2004.66
4027 1997.48
4028 12616.15
4029 4125.13
4030 3355.92
4031 1995.95
4032 453.51
4033 5648.30
4034 7816.07
4035 10483.96
4036 5781.54
4037 11213.53
4038 2694.82
4039 9664.87
4040 8701.50
4041 5652.56
4042 1769.36
4043 11888.44
4044 6957.99
4045 4731.53
4046 475.41
4047 1413.50
4048 4528.12
4049 5652.57
4050 233.63
4051 3570.06
4052 4776.55
4053 1957.11
4054 8604.12
4055 4581.21
4056 10478.24
4057 7875.65
4058 6920.13
4059 5555.29
4060 1751.68
4061 8074.53
4062 3824.01
4063 5466.74
4064 4987.81
4065 584.98
4066 680.42
4067 7106.52
4068 7852.55
4069 17044.97
4070 11306.74
4071 6179.88
4072 6064.07
4073 7165.61
4074 11331.68
4075 8932.49
4076 21607.37
4077 5075.94
4078 4438.00
4079 8063.93
4080 3418.94
4081 3471.12
4082 1768.11
4083 2700.82
4084 3624.49
4085 8337.58
4086 8427.44
4087 11615.33
4088 4552.48
4089 4008.67
4090 14423.36
4091 8993.70
4092 10575.52
4093 4215.70
4094 261.92
4095 3177.85
4096 2386.34
4097 10025.10
4098 4895.94
4099 12643.24
4100 2964.95
4101 13520.25
4102 3063.61
4103 4221.51
4104 3670.92
4105 20020.37
4106 11336.00
4107 16732.65
4108 6188.43
4109 10152.97
4110 2223.03
4111 8490.02
4112 14194.05
4113 2070.34
4114 3904.91
4115 8406.74
4116 4337.92
4117 3110.13
4118 9365.17
4119 4370.09
4120 6187.51
4121 1803.45
4122 13306.71
4123 9405.54
4124 4018.59
4125 9478.98
4126 9913.11
4127 4395.78
4128 8400.90
4129 6004.73
4130 4538.69
4131 20511.59
4132 4402.70
4133 8815.27
4134 8774.72
4135 9166.68
4136 3335.28
4137 754.89
4138 12653.77
4139 7225.03
4140 9565.32
4141 6498.46
4142 677.63
4143 8573.97
4144 29122.15
4145 4685.34
4146 8351.76
4147 1608.49
4148 1620.98
4149 3560.59
4150 6452.60
4151 5351.58
4152 7227.66
4153 3138.27
4154 336.73
4155 3489.98
4156 1971.84
4157 10196.92
4158 4414.03
4159 13471.22
4160 8216.52
4161 6230.90
4162 2388.32
4163 10281.14
4164 9438.95
4165 3082.89
4166 11203.81
4167 7516.09
4168 630.62
4169 1675.02
4170 2173.11
4171 5926.00
4172 3376.14
4173 3599.25
4174 1611.57
4175 5937.62
4176 11220.97
4177 4593.87
4178 5860.03
4179 686.35
4180 2965.19
4181 1446.56
4182 5353.84
4183 2208.20
4184 4959.70
4185 2052.91
4186 2405.65
4187 1601.17
4188 3988.45
4189 15187.47
4190 3342.54
4191 3132.85
4192 3781.48
4193 1633.55
4194 6903.06
4195 11384.63
4196 2600.17
4197 316.67
4198 1940.48
4199 2688.89
4200 12926.53
4201 13591.43
4202 5179.40
4203 546.98
4204 841.41
4205 10191.24
4206 11953.58
4207 19288.49
4208 3327.30
4209 6240.36
4210 4035.75
4211 6529.84
4212 6963.60
4213 3745.25
4214 3937.11
4215 8251.46
4216 3974.16
4217 1585.62
4218 1605.89
4219 1876.49
4220 9377.80
4221 2047.63
4222 4267.30
4223 11369.19
4224 2818.84
4225 12520.84
4226 5818.03
4227 2072.00
4228 12230.04
4229 4477.87
4230 2550.06
4231 3737.94
4232 1648.03
4233 8327.30
4234 2892.50
4235 19373.62
4236 7810.01
4237 9627.25
4238 11515.09
4239 12223.98
4240 7387.65
4241 587.54
4242 1574.20
4243 6370.06
4244 2699.38
4245 3260.56
4246 2626.37
4247 5979.45
4248 20343.24
4249 12712.06
4250 4325.26
4251 7011.51
4252 8383.13
4253 2027.70
4254 5252.03
4255 4450.26
4256 1588.07
4257 4881.93
4258 2492.73
4259 2557.82
4260 1465.10
4261 4441.90
4262 9584.28
4263 13602.29
4264 12105.20
4265 1884.69
4266 5080.51
4267 1764.01
4268 559.00
4269 8835.02
4270 1672.87
4271 3045.56
4272 2386.29
4273 1810.61
4274 11482.99
4275 1034.60
4276 5305.14
4277 606.17
4278 3928.99
4279 3735.23
4280 9888.63
4281 14459.01
4282 15844.08
4283 4775.86
4284 434.83
4285 1661.89
4286 3513.67
4287 756.28
4288 10730.79
4289 582.55
4290 8010.40
4291 1617.14
4292 4066.50
4293 3134.86
4294 2727.36
4295 23420.95
4296 4810.74
4297 6509.41
4298 1895.33
4299 3682.28
4300 4814.66
4301 5773.12
4302 3849.24
4303 4926.23
4304 6090.43
4305 9568.81
4306 2740.79
4307 4059.49
4308 587.68
4309 3767.60
4310 4278.65
4311 7439.68
4312 4930.12
4313 5694.76
4314 5705.80
4315 3995.16
4316 10700.83
4317 2885.55
4318 1928.21
4319 4285.12
4320 585.05
4321 2710.20
4322 3877.62
4323 1450.46
4324 5064.80
4325 8774.68
4326 5082.04
4327 9262.78
4328 16220.62
4329 8994.73
4330 13296.97
4331 17907.85
4332 13957.65
4333 4308.16
4334 7157.70
4335 599.20
4336 4484.85
4337 6041.96
4338 8266.45
4339 714.36
4340 7386.80
4341 2167.87
4342 6881.25
4343 14338.39
4344 3406.68
4345 8296.81
4346 541.04
4347 3418.92
4348 6785.73
4349 6535.06
4350 2894.60
4351 3164.67
4352 2614.71
4353 6826.88
4354 2981.31
4355 3422.07
4356 3832.36
4357 3013.34
4358 1167.83
4359 1799.67
4360 232.01
4361 2832.86
4362 7623.68
4363 1820.81
4364 10259.01
4365 15192.53
4366 4583.95
4367 6211.88
4368 6890.97
4369 2321.58
4370 5054.13
4371 7749.47
4372 4286.25
4373 6274.09
4374 4530.96
4375 5283.10
4376 7379.03
4377 12644.20
4378 591.61
4379 3090.20
4380 1925.97
4381 3149.48
4382 3422.43
4383 556.90
4384 7186.43
4385 5000.83
4386 15450.04
4387 7861.39
4388 18630.52
4389 10621.39
4390 14577.68
4391 7749.38
4392 12811.16
4393 8394.12
4394 4524.78
4395 5965.99
4396 1565.72
4397 3867.53
4398 1815.79
4399 8536.05
4400 1979.27
4401 3025.14
4402 8272.42
4403 15294.63
4404 4988.60
4405 1424.63
4406 2939.45
4407 926.84
4408 11769.73
4409 895.30
4410 8569.49
4411 5092.35
4412 17963.47
4413 7615.31
4414 17203.57
4415 10637.36
4416 2693.10
4417 11148.88
4418 10274.46
4419 902.04
4420 7606.18
4421 4122.80
4422 9573.82
4423 1874.30
4424 3899.66
4425 13862.48
4426 7167.45
4427 2055.43
4428 7558.22
4429 5444.21
4430 8309.22
4431 12308.73
4432 9028.17
4433 21845.29
4434 5242.17
4435 16172.96
4436 6070.13
4437 3740.62
4438 13810.50
4439 7717.79
4440 15185.46
4441 2598.85
4442 10269.91
4443 1840.87
4444 689.70
4445 6988.62
4446 13431.67
4447 4123.55
4448 3838.70
4449 17374.71
4450 1876.85
4451 3568.49
4452 6171.31
4453 3449.06
4454 3963.50
4455 4393.55
4456 3603.09
4457 3848.13
4458 376.41
4459 1171.03
4460 11751.71
4461 5510.90
4462 4773.10
4463 1969.89
4464 7212.47
4465 19343.31
4466 7827.41
4467 600.99
4468 1448.40
4469 4488.78
4470 3547.28
4471 2109.77
4472 18192.80
4473 4291.70
4474 5990.60
4475 7040.70
4476 3866.60
4477 4412.97
4478 18524.93
4479 4011.07
4480 7393.90
4481 3252.86
4482 3997.82
4483 1883.41
4484 6830.56
4485 552.95
4486 1131.79
4487 5366.46
4488 8767.76
4489 6299.13
4490 1604.14
4491 4042.63
4492 512.42
4493 6533.10
4494 6147.46
4495 4882.90
4496 6152.36
4497 6466.09
4498 18108.57
4499 11772.16
4500 5775.59
4501 16747.10
4502 2872.34
4503 3860.08
4504 4671.75
4505 4123.49
4506 4861.12
4507 5772.15
4508 15237.36
4509 4844.47
4510 7959.88
4511 5332.17
4512 1855.17
4513 4139.28
4514 11480.35
4515 6812.83
4516 12022.97
4517 9806.28
4518 486.47
4519 2178.41
4520 13557.25
4521 2913.30
4522 1800.18
4523 5583.52
4524 4112.17
4525 7857.15
4526 3692.32
4527 3218.28
4528 4856.53
4529 1898.55
4530 3432.70
4531 5702.72
4532 7928.68
4533 4300.04
4534 5416.27
4535 1877.76
4536 9757.57
4537 13882.09
4538 959.49
4539 7847.57
4540 7714.93
4541 845.36
4542 557.90
4543 5634.90
4544 10412.56
4545 5820.10
4546 374.39
4547 3693.84
4548 3978.92
4549 9026.57
4550 4234.49
4551 15052.46
4552 7876.57
4553 3078.42
4554 1660.06
4555 13337.17
4556 7976.80
4557 4295.83
4558 10023.94
4559 14009.04
4560 3448.74
4561 8918.20
4562 7351.95
4563 2034.47
4564 3671.40
4565 8299.39
4566 7386.31
4567 727.59
4568 2819.59
4569 2221.52
4570 8188.77
4571 6040.83
4572 2064.45
4573 4585.39
4574 10793.60
4575 5905.21
4576 3267.50
4577 10893.56
4578 22469.80
4579 6174.85
4580 12878.62
4581 8015.65
4582 12938.11
4583 5638.18
4584 16931.45
4585 1073.26
4586 1704.78
4587 585.56
4588 5175.94
4589 13721.28
4590 11109.73
4591 10802.44
4592 9818.17
4593 15158.39
4594 2145.75
4595 3740.26
4596 11260.24
4597 10650.62
4598 5703.02
4599 3222.61
4600 9781.75
4601 4962.74
4602 3220.52
4603 2811.72
4604 2793.27
4605 21352.73
4606 7212.75
4607 2104.85
4608 13023.16
4609 5785.05
4610 9427.41
4611 18011.93
4612 9392.84
4613 3205.46
4614 10792.43
4615 9206.39
4616 6485.58
4617 1509.10
4618 683.83
4619 12700.66
4620 6933.43
4621 8775.41
4622 9603.52
4623 601.15
4624 3095.31
4625 19274.45
4626 26323.73
4627 3393.78
4628 5989.53
4629 674.29
4630 4222.05
4631 6778.78
4632 6559.52
4633 5793.30
4634 6174.27
4635 14027.47
4636 3080.88
4637 4886.87
4638 4739.27
4639 7802.69
4640 9088.70
4641 3073.25
4642 7571.50
4643 19045.81
4644 10593.50
4645 8945.04
4646 6042.54
4647 7436.27
4648 20396.47
4649 8206.42
4650 4358.94
4651 2187.04
4652 11112.43
4653 3760.43
4654 2299.22
4655 498.33
4656 4926.97
4657 5528.36
4658 6160.18
4659 2513.71
4660 4148.36
4661 8165.34
4662 9474.77
4663 2092.67
4664 5900.31
4665 6051.23
4666 5167.96
4667 12067.01
4668 2113.87
4669 5096.28
4670 6740.13
4671 669.80
4672 6533.39
4673 5940.73
4674 6952.65
4675 806.42
4676 1846.29
4677 845.37
4678 9245.80
4679 7573.81
4680 15794.63
4681 6740.14
4682 13776.02
4683 13568.68
4684 7408.78
4685 9496.17
4686 3847.33
4687 6088.35
4688 3359.90
4689 6983.00
4690 6672.09
4691 10034.12
4692 7984.06
4693 4142.92
4694 3183.42
4695 5130.59
4696 9542.74
4697 1991.68
4698 4271.47
4699 2659.50
4700 671.02
4701 7904.47
4702 3869.27
4703 10542.90
4704 4093.03
4705 1987.90
4706 1518.95
4707 3432.45
4708 6129.11
4709 7046.73
4710 12450.37
4711 13808.24
4712 29056.63
4713 3401.27
4714 5449.89
4715 4000.79
4716 7871.65
4717 6346.61
4718 6889.44
4719 2766.13
4720 4933.40
4721 2431.51
4722 16253.97
4723 12098.67
4724 7785.83
4725 20099.42
4726 4454.50
4727 7968.40
4728 30169.15
4729 2982.70
4730 2654.45
4731 3595.64
4732 10292.67
4733 22859.53
4734 2514.40
4735 10344.86
4736 7599.46
4737 4676.80
4738 540.98
4739 8898.80
4740 2186.07
4741 8970.75
4742 7763.09
4743 6751.54
4744 629.86
4745 1959.47
4746 3313.04
4747 3930.86
4748 555.45
4749 3920.61
4750 6246.02
4751 573.35
4752 6867.67
4753 4451.51
4754 15514.90
4755 9291.01
4756 12879.38
4757 9293.24
4758 2544.70
4759 8338.16
4760 5133.95
4761 11761.07
4762 9837.08
4763 6722.82
4764 446.39
4765 4356.22
4766 905.35
4767 13305.57
4768 2713.03
4769 15562.07
4770 6896.09
4771 2382.75
4772 18690.57
4773 2911.70
4774 7126.66
4775 5043.03
4776 9475.21
4777 6527.33
4778 16810.11
4779 5534.03
4780 15846.19
4781 5546.35
4782 413.28
4783 1546.51
4784 1009.31
4785 21807.70
4786 12867.49
4787 6947.77
4788 1640.19
4789 1553.80
4790 4329.84
4791 3717.07
4792 8682.57
4793 14076.96
4794 11299.02
4795 690.38
4796 4630.87
4797 19234.41
4798 4775.85
4799 3540.44
4800 3643.12
4801 3963.91
4802 11335.75
4803 7171.32
4804 2046.86
4805 3836.23
4806 5621.42
4807 3960.93
4808 2442.80
4809 5331.09
4810 8306.90
4811 3120.91
4812 2899.85
4813 14373.12
4814 1863.45
4815 4086.94
4816 24000.04
4817 12351.24
4818 1711.16
4819 2218.55
4820 7683.87
4821 5941.92
4822 11838.83
4823 4282.09
4824 7843.48
4825 623.07
4826 2457.03
4827 22952.53
4828 4504.10
4829 1894.74
4830 9240.43
4831 2030.84
4832 9235.82
4833 7139.87
4834 6341.63
4835 3533.87
4836 4325.54
4837 10592.91
4838 1964.71
4839 4280.70
4840 3182.05
4841 2559.52
4842 1853.84
4843 3555.84
4844 11080.41
4845 12517.66
4846 16692.30
4847 3752.22
4848 9058.92
4849 16827.01
4850 3753.78
4851 3709.47
4852 5962.37
4853 4135.98
4854 9923.74
4855 7957.47
4856 6788.00
4857 1574.28
4858 11005.37
4859 6639.69
4860 9912.10
4861 14791.95
4862 7212.32
4863 6983.50
4864 13260.01
4865 10251.69
4866 22488.90
4867 19384.31
4868 4937.38
4869 3756.76
4870 1339.99
4871 1862.27
4872 7106.78
4873 9005.09
4874 4024.24
4875 5784.64
4876 7566.01
4877 3114.16
4878 9955.55
4879 4677.56
4880 13541.60
4881 14047.30
4882 6952.41
4883 1627.21
4884 3189.16
4885 8733.42
4886 5166.09
4887 20200.91
4888 12093.17
4889 9546.18
4890 7817.69
4891 6393.13
4892 1707.78
4893 3142.81
4894 5863.73
4895 1948.52
4896 5909.94
4897 4800.57
4898 7002.86
4899 6095.76
4900 1889.58
4901 4474.64
4902 15431.94
4903 11374.27
4904 3565.98
4905 3103.19
4906 5088.98
4907 4721.47
4908 4240.98
4909 4005.80
4910 7890.31
4911 7413.88
4912 8366.57
4913 1417.71
4914 1823.33
4915 8959.27
4916 829.99
4917 1342.35
4918 2983.33
4919 9123.91
4920 2369.24
4921 13867.10
4922 14251.88
4923 20328.24
4924 4113.67
4925 8486.68
4926 3372.07
4927 3057.95
4928 4068.17
4929 15156.30
4930 6578.89
4931 13332.57
4932 2371.40
4933 13826.24
4934 5222.00
4935 15436.76
4936 3189.63
4937 2802.24
4938 4590.92
4939 5068.05
4940 1890.31
4941 8078.72
4942 9827.20
4943 3200.41
4944 2788.65
4945 6154.23
4946 6754.27
4947 7547.33
4948 1958.30
4949 5059.32
4950 8649.58
4951 4051.46
4952 3373.48
4953 1938.37
4954 3628.46
4955 1528.50
4956 9210.89
4957 4144.42
4958 2676.32
4959 4779.91
4960 6021.77
4961 1982.39
4962 4967.07
4963 6452.63
4964 3969.04
4965 5992.91
4966 6295.59
4967 3259.51
4968 2487.08
4969 1958.98
4970 14843.43
4971 14808.21
4972 13305.44
4973 9534.24
4974 5419.17
4975 3926.03
4976 3200.40
4977 3312.39
4978 8576.17
4979 3743.01
4980 4626.35
4981 6482.04
4982 6141.04
4983 7151.02
4984 804.96
4985 472.33
4986 4379.19
4987 2200.43
4988 9715.27
4989 6752.89
4990 3237.24
4991 4097.51
4992 8633.28
4993 1666.61
4994 6431.33
4995 2938.36
4996 3545.68
4997 1435.89
4998 5685.22
4999 3130.81
5000 13523.83
5001 2150.82
5002 1648.34
5003 8270.79
5004 9525.73
5005 7235.42
5006 4277.06
5007 14356.53
5008 10487.58
5009 2581.20
5010 9201.41
5011 4633.12
5012 7599.58
5013 1847.99
5014 1819.28
5015 1781.63
5016 12895.40
5017 6263.57
5018 9002.97
5019 737.17
5020 3663.86
5021 18752.30
5022 8954.25
5023 1954.04
5024 2306.60
5025 4929.62
5026 3153.37
5027 4312.91
5028 565.41
5029 3338.67
5030 2075.85
5031 6108.76
5032 685.90
5033 6738.93
5034 3347.91
5035 3178.14
5036 1938.78
5037 13600.69
5038 16505.65
5039 10033.25
5040 6388.25
5041 3730.36
5042 2612.34
5043 2653.35
5044 7294.36
5045 5064.86
5046 3869.57
5047 3618.42
5048 6535.55
5049 5646.04
5050 7015.24
5051 601.43
5052 8538.83
5053 5086.74
5054 8260.37
5055 3856.19
5056 4568.97
5057 1881.85
5058 5084.12
5059 4760.29
5060 1453.07
5061 6737.05
5062 3656.37
5063 4602.32
5064 15657.06
5065 2295.50
5066 2859.66
5067 5460.47
5068 2216.74
5069 9469.82
5070 2065.79
5071 5714.00
5072 5464.44
5073 1688.22
5074 2765.37
5075 4061.43
5076 3029.34
5077 3043.83
5078 1727.06
5079 5499.62
5080 1727.34
5081 5731.58
5082 4506.82
5083 12647.55
5084 4109.79
5085 721.62
5086 1533.90
5087 670.33
5088 5131.26
5089 11202.66
5090 11935.34
5091 7306.49
5092 6244.07
5093 2252.38
5094 3331.05
5095 321.94
5096 2188.70
5097 1780.02
5098 6310.97
5099 2346.87
5100 18023.11
5101 5449.24
5102 9464.13
5103 1764.74
5104 5149.92
5105 30239.96
5106 3868.46
5107 2042.73
5108 1744.61
5109 7516.65
5110 5574.26
5111 6915.17
5112 7308.17
5113 5880.46
5114 2825.54
5115 2105.29
5116 1831.73
5117 1315.44
5118 2231.50
5119 15328.79
5120 6169.43
5121 506.01
5122 2410.82
5123 4456.09
5124 1808.70
5125 4805.63
5126 5280.66
5127 6123.56
5128 1520.73
5129 1404.85
5130 2574.93
5131 19440.81
5132 11949.98
5133 1858.61
5134 2489.34
5135 1529.67
5136 2325.48
5137 15271.36
5138 8596.41
5139 10749.31
5140 17688.91
5141 5620.13
5142 5071.86
5143 2362.51
5144 12221.54
5145 7141.68
5146 3413.17
5147 3624.59
5148 5316.99
5149 8549.98
5150 13267.73
5151 8874.91
5152 1944.58
5153 8558.03
5154 3542.90
5155 545.00
5156 9144.50
5157 1658.54
5158 3303.92
5159 3343.31
5160 2757.70
5161 7622.58
5162 2502.50
5163 9581.13
5164 10282.09
5165 6873.82
5166 3828.86
5167 5848.49
5168 5834.89
5169 5855.09
5170 4786.09
5171 7293.11
5172 7097.41
5173 6594.73
5174 4782.01
5175 9347.84
5176 2073.08
5177 1955.58
5178 5987.29
5179 4612.92
5180 3259.86
5181 3462.20
5182 3565.83
5183 1520.24
5184 1576.64
5185 4043.94
5186 4560.72
5187 9377.63
5188 6821.20
5189 3321.96
5190 1382.18
5191 6033.63
5192 10747.76
5193 7421.52
5194 3293.34
5195 3788.33
5196 10114.99
5197 10394.47
5198 4252.76
5199 4473.19
5200 1458.29
5201 3216.85
5202 5406.31
5203 13575.61
5204 8634.67
5205 635.72
5206 4665.58
5207 4404.30
5208 1933.53
5209 2906.81
5210 6639.84
5211 5214.03
5212 9794.73
5213 12686.94
5214 15663.73
5215 2981.85
5216 5985.30
5217 3973.45
5218 540.74
5219 5672.82
5220 6089.91
5221 19416.74
5222 22112.75
5223 11296.78
5224 3051.64
5225 1136.97
5226 3509.25
5227 3326.53
5228 7187.86
5229 3864.59
5230 5225.40
5231 7728.81
5232 2358.51
5233 4899.28
5234 9929.83
5235 2533.85
5236 6777.39
5237 2077.67
5238 6005.29
5239 2250.43
5240 8808.31
5241 673.40
5242 8283.36
5243 3901.05
5244 3793.15
5245 2374.56
5246 526.93
5247 3794.65
5248 4183.43
5249 3476.69
5250 8265.97
5251 1959.58
5252 4483.43
5253 10718.90
5254 3782.82
5255 2737.11
5256 23084.44
5257 15166.38
5258 831.77
5259 4890.71
5260 14660.24
5261 13043.66
5262 5315.51
5263 4007.85
5264 1338.73
5265 2026.47
5266 9957.14
5267 6765.61
5268 3344.03
5269 1665.93
5270 5134.79
5271 6738.06
5272 4869.47
5273 2433.41
5274 1591.07
5275 3561.40
5276 12163.89
5277 14099.87
5278 13168.56
5279 4522.17
5280 12250.80
5281 7571.36
5282 3302.99
5283 464.42
5284 3853.30
5285 6020.54
5286 12574.14
5287 6375.29
5288 4003.93
5289 3205.77
5290 2122.17
5291 7576.40
5292 2347.25
5293 1403.25
5294 1595.75
5295 1540.58
5296 2575.79
5297 14749.93
5298 11132.23
5299 9172.06
5300 3119.19
5301 4645.10
5302 15901.62
5303 2001.52
5304 10141.77
5305 6854.44
5306 4717.82
5307 10842.46
5308 13480.37
5309 4145.13
5310 1461.20
5311 1509.14
5312 7153.36
5313 11076.96
5314 878.83
5315 6551.25
5316 3889.26
5317 3730.55
5318 4484.66
5319 26070.83
5320 4378.10
5321 3729.44
5322 15264.11
5323 20290.47
5324 3326.23
5325 10337.93
5326 11180.61
5327 7253.20
5328 1830.87
5329 3882.18
5330 3191.91
5331 4068.25
5332 9731.91
5333 5849.55
5334 4659.24
5335 9941.75
5336 4516.41
5337 4996.07
5338 3302.34
5339 4872.18
5340 2428.67
5341 2615.65
5342 8564.83
5343 3124.66
5344 3575.40
5345 17661.21
5346 4629.24
5347 3608.15
5348 5580.46
5349 4596.49
5350 11170.48
5351 6343.11
5352 3760.22
5353 10882.42
5354 7964.06
5355 10067.33
5356 4149.78
5357 778.85
5358 476.73
5359 4884.15
5360 608.72
5361 3942.00
5362 2373.29
5363 3031.81
5364 3256.38
5365 3699.89
5366 16525.25
5367 2339.71
5368 3407.86
5369 8778.19
5370 4382.85
5371 7778.79
5372 2864.14
5373 1943.62
5374 7030.24
5375 1918.05
5376 2631.37
5377 763.32
5378 10360.13
5379 7741.76
5380 5745.12
5381 3072.29
5382 6262.86
5383 7298.50
5384 9645.56
5385 7497.98
5386 4553.72
5387 3894.22
5388 1608.00
5389 8897.84
5390 940.81
5391 14025.94
5392 19765.78
5393 16071.90
5394 980.92
5395 3202.55
5396 5353.61
5397 3179.74
5398 14578.81
5399 4561.25
5400 908.72
5401 510.42
5402 3043.44
5403 9861.58
5404 6891.28
5405 11904.75
5406 7986.35
5407 14543.20
5408 2518.46
5409 3148.95
5410 1591.27
5411 3387.57
5412 4421.63
5413 1917.70
5414 9362.81
5415 5731.85
5416 752.02
5417 2932.34
5418 485.25
5419 2082.10
5420 1211.36
5421 14645.32
5422 3895.06
5423 2347.01
5424 13174.74
5425 10309.02
5426 19837.12
5427 2368.68
5428 15226.43
5429 10042.82
5430 10563.62
5431 12007.46
5432 2654.56
5433 12599.98
5434 2519.16
5435 4134.41
5436 1501.63
5437 1905.29
5438 9220.18
5439 5946.60
5440 8231.22
5441 8171.78
5442 3637.35
5443 1490.93
5444 6586.28
5445 1389.84
5446 3079.55
5447 584.74
5448 7304.99
5449 678.44
5450 2488.99
5451 2275.45
5452 16264.32
5453 6377.20
5454 17266.54
5455 5656.22
5456 8007.80
5457 14038.94
5458 9387.39
5459 6303.98
5460 494.00
5461 7445.69
5462 718.18
5463 11345.29
5464 3758.09
5465 4350.16
5466 31896.18
5467 22106.42
5468 5211.30
5469 16339.33
5470 4930.33
5471 13356.30
5472 6974.18
5473 11139.15
5474 13040.00
5475 5916.39
5476 11571.09
5477 2110.36
5478 6278.55
5479 3361.06
5480 4823.09
5481 6257.40
5482 1015.00
5483 13006.38
5484 13204.62
5485 13222.58
5486 9029.06
5487 578.52
5488 8186.03
5489 20377.63
5490 8777.19
5491 6445.15
5492 6760.25
5493 5731.51
5494 2840.52
5495 3034.44
5496 3598.37
5497 4095.08
5498 8583.77
5499 6615.66
5500 6547.16
5501 2835.77
5502 12699.72
5503 1915.93
5504 3081.81
5505 1558.86
5506 2829.82
5507 12006.03
5508 8323.85
5509 4141.78
5510 3067.21
5511 1555.89
5512 1542.07
5513 4986.83
5514 3740.60
5515 7192.55
5516 8327.23
5517 13530.13
5518 6352.77
5519 7763.94
5520 6189.82
5521 29302.68
5522 7897.80
5523 2626.70
5524 422.96
5525 3803.79
5526 3285.35
5527 3892.83
5528 7219.97
5529 29420.90
5530 3932.33
5531 6097.20
5532 5006.67
5533 4636.99
5534 3799.56
5535 7376.17
5536 1806.75
5537 6222.66
5538 2856.22
5539 1637.88
5540 4123.76
5541 5298.40
5542 1054.86
5543 415.07
5544 2237.66
5545 11452.32
5546 4573.01
5547 3314.52
5548 3667.79
5549 12796.36
5550 4186.02
5551 7495.14
5552 4476.91
5553 11876.51
5554 2708.23
5555 14009.72
5556 5298.62
5557 14752.89
5558 8056.54
5559 21987.54
5560 13925.26
5561 10450.74
5562 5396.21
5563 22699.94
5564 14784.11
5565 3628.67
5566 8706.85
5567 1511.19
5568 3816.68
5569 9000.90
5570 6283.94
5571 4574.18
5572 1382.22
5573 2801.47
5574 14688.45
5575 17580.25
5576 2633.56
5577 5173.50
5578 569.63
5579 2250.45
5580 3162.04
5581 13775.55
5582 12217.19
5583 808.10
5584 8785.37
5585 13000.36
5586 3726.25
5587 5654.32
5588 4251.88
5589 8531.80
5590 16776.44
5591 753.37
5592 410.01
5593 4958.96
5594 25012.39
5595 8995.94
5596 838.69
5597 14404.94
5598 5910.70
5599 5994.91
5600 6634.59
5601 21358.62
5602 11453.42
5603 2000.21
5604 4364.62
5605 10150.94
5606 481.97
5607 1718.00
5608 3595.82
5609 4933.88
5610 3710.60
5611 5042.36
5612 3355.29
5613 3064.91
5614 13820.06
5615 8735.34
5616 12870.24
5617 3684.52
5618 807.16
5619 23529.97
5620 5661.06
5621 8626.49
5622 13331.30
5623 3639.08
5624 3989.92
5625 14328.27
5626 18610.78
5627 2293.92
5628 8812.47
5629 5552.85
5630 7806.34
5631 4584.83
5632 14079.83
5633 710.50
5634 5075.12
5635 2790.42
5636 14622.88
5637 6953.07
5638 4140.85
5639 8467.37
5640 13784.43
5641 11400.41
5642 10243.31
5643 4327.22
5644 9500.36
5645 8275.94
5646 11443.29
5647 2478.23
5648 2976.35
5649 3654.49
5650 11282.83
5651 12439.60
5652 2266.41
5653 2366.98
5654 4851.96
5655 5946.20
5656 12387.72
5657 5840.59
5658 6798.59
5659 4426.58
5660 1880.72
5661 6800.41
5662 2140.06
5663 4341.26
5664 6885.41
5665 2859.25
5666 1828.58
5667 5923.70
5668 5541.57
5669 16079.77
5670 1091.18
5671 11055.41
5672 20978.65
5673 9082.57
5674 4079.46
5675 4820.03
5676 659.58
5677 7613.89
5678 3511.08
5679 23695.49
5680 7756.00
5681 2694.56
5682 9217.30
5683 1938.64
5684 1868.61
5685 2167.46
5686 10941.49
5687 7535.64
5688 12406.48
5689 3641.24
5690 2092.41
5691 8636.04
5692 9606.02
5693 12319.37
5694 10257.63
5695 4635.53
5696 2407.96
5697 12185.83
5698 5721.15
5699 1398.06
5700 2346.52
5701 2162.61
5702 4805.01
5703 1720.51
5704 4764.56
5705 10783.74
5706 6612.07
5707 586.35
5708 1814.41
5709 6201.44
5710 7232.96
5711 3791.71
5712 6470.40
5713 3129.32
5714 6611.31
5715 6207.15
5716 10001.87
5717 1769.57
5718 1562.94
5719 7962.75
5720 4149.73
5721 3611.38
5722 10250.13
5723 8795.88
5724 17326.86
5725 14211.19
5726 7237.45
5727 2294.75
5728 1243.26
5729 3328.61
5730 3379.72
5731 4682.52
5732 4291.17
5733 2209.13
5734 6763.64
5735 3587.04
5736 6370.70
5737 6669.35
5738 10250.58
5739 1742.95
5740 3707.00
5741 8570.61
5742 1847.10
5743 1466.28
5744 3683.22
5745 7014.75
5746 19985.61
5747 4179.58
5748 2383.05
5749 10079.09
5750 5627.90
5751 6574.09
5752 4404.23
5753 3538.55
5754 5420.74
5755 5316.33
5756 11811.14
5757 7381.24
5758 2033.60
5759 8813.73
5760 9441.13
5761 4669.95
5762 15600.56
5763 8622.51
5764 6289.54
5765 11064.53
5766 9451.52
5767 3902.16
5768 11053.41
5769 2670.69
5770 10793.97
5771 14818.33
5772 8547.85
5773 2446.97
5774 5286.65
5775 6861.55
5776 16441.12
5777 839.77
5778 3322.29
5779 2897.13
5780 1264.11
5781 1764.23
5782 7302.10
5783 5687.66
5784 9333.69
5785 4364.39
5786 3959.38
5787 2911.50
5788 3253.90
5789 4890.26
5790 6776.90
5791 3555.88
5792 3475.42
5793 10548.86
5794 6829.09
5795 10364.58
5796 3656.99
5797 2177.24
5798 9547.46
5799 2021.87
5800 17263.59
5801 2605.99
5802 2764.24
5803 2082.83
5804 3180.10
5805 1626.84
5806 3761.72
5807 18461.91
5808 17954.15
5809 4982.00
5810 1912.38
5811 1578.64
5812 7329.74
5813 2670.06
5814 16241.65
5815 4048.95
5816 9201.43
5817 7305.08
5818 5733.18
5819 3614.35
5820 6549.29
5821 10491.90
5822 12868.48
5823 2659.84
5824 15300.36
5825 2509.10
5826 5585.46
5827 5492.03
5828 4682.63
5829 3002.23
5830 2071.01
5831 2943.98
5832 8731.23
5833 5901.63
5834 1583.89
5835 1587.92
5836 3228.54
5837 5039.19
5838 2188.06
5839 3864.92
5840 10608.81
5841 15925.84
5842 2702.82
5843 5968.21
5844 9479.27
5845 1127.30
5846 989.32
5847 957.09
5848 8954.84
5849 7333.95
5850 1974.06
5851 3482.23
5852 4320.52
5853 1766.63
5854 9005.07
5855 3688.31
5856 10551.30
5857 7699.92
5858 13824.66
5859 5145.86
5860 525.59
5861 957.51
5862 10869.51
5863 4187.76
5864 4847.15
5865 3196.58
5866 1684.23
5867 3244.05
5868 550.68
5869 6227.43
5870 3506.09
5871 9478.57
5872 887.91
5873 9065.29
5874 5504.40
5875 1655.77
5876 7712.58
5877 7015.65
5878 3901.88
5879 606.15
5880 5621.39
5881 14960.13
5882 12637.41
5883 12457.83
5884 12558.13
5885 718.02
5886 1427.40
5887 6942.82
5888 613.50
5889 1562.27
5890 5620.28
5891 9133.91
5892 5651.54
5893 1829.73
5894 1642.72
5895 6776.30
5896 7249.41
5897 5749.20
5898 3972.03
5899 1368.88
5900 1647.04
5901 5360.54
5902 1524.62
5903 5693.29
5904 4168.53
5905 5896.88
5906 780.16
5907 10628.26
5908 8910.25
5909 9509.22
5910 10734.44
5911 13645.55
5912 8787.45
5913 19382.32
5914 15094.20
5915 1766.74
5916 2069.86
5917 3418.03
5918 3885.16
5919 1923.08
5920 4333.51
5921 16138.53
5922 14400.09
5923 3805.03
5924 2100.54
5925 6290.04
5926 4757.32
5927 6104.43
5928 4701.20
5929 14364.78
5930 6568.36
5931 17017.27
5932 8291.56
5933 3584.84
5934 11657.60
5935 7184.06
5936 3204.58
5937 2386.75
5938 8630.85
5939 6214.24
5940 6229.36
5941 4059.40
5942 5252.69
5943 1529.12
5944 2885.35
5945 3151.06
5946 2065.67
5947 7356.13
5948 17194.77
5949 4990.32
5950 5762.75
5951 4988.83
5952 14315.03
5953 7401.46
5954 1839.58
5955 12587.93
5956 15862.31
5957 1726.10
5958 5008.85
5959 10205.04
5960 4135.13
5961 3147.07
5962 4415.14
5963 5802.12
5964 4471.09
5965 11994.36
5966 4771.73
5967 3958.42
5968 7066.61
5969 11323.46
5970 757.06
5971 3260.64
5972 3424.03
5973 1675.17
5974 9007.43
5975 2128.94
5976 1386.19
5977 800.48
5978 7957.21
5979 13696.79
5980 5848.10
5981 9636.78
5982 21091.68
5983 1087.40
5984 1901.76
5985 4975.59
5986 1705.03
5987 4796.30
5988 2897.31
5989 24005.92
5990 13842.24
5991 3645.54
5992 1355.52
5993 1619.43
5994 3586.72
5995 3736.92
5996 6939.15
5997 14255.61
5998 9933.18
5999 5559.02
6000 4243.43
6001 4585.54
6002 20282.57
6003 4776.03
6004 2271.56
6005 15782.57
6006 12406.51
6007 11233.18
6008 727.96
6009 5630.90
6010 6449.62
6011 7447.92
6012 1779.71
6013 10159.32
6014 4094.25
6015 3574.93
6016 6835.25
6017 9785.20
6018 6726.28
6019 5718.57
6020 8496.03
6021 10208.75
6022 9672.38
6023 7326.21
6024 8830.45
6025 1399.58
6026 6701.47
6027 10257.64
6028 22483.40
6029 7413.27
6030 3794.82
6031 13781.68
6032 4853.61
6033 3250.94
6034 3918.15
6035 9658.49
6036 2724.20
6037 6671.75
6038 3463.52
6039 3525.17
6040 7401.02
6041 7092.78
6042 13803.68
6043 4407.99
6044 2103.20
6045 1404.80
6046 5928.62
6047 6708.11
6048 8203.24
6049 7283.11
6050 4544.65
6051 2981.82
6052 14684.81
6053 5337.04
6054 6509.05
6055 3266.87
6056 7638.54
6057 34297.99
6058 3650.89
6059 516.55
6060 3564.68
6061 8741.67
6062 827.60
6063 6852.33
6064 10382.07
6065 3158.00
6066 2051.50
6067 15077.20
6068 4558.24
6069 3755.09
6070 6334.33
6071 6167.27
6072 1609.83
6073 5779.90
6074 2601.61
6075 17972.19
6076 7138.49
6077 4913.13
6078 3452.18
6079 385.36
6080 4483.82
6081 16439.74
6082 5116.52
6083 2815.33
6084 585.11
6085 4294.70
6086 4471.83
6087 5679.56
6088 6484.90
6089 9789.56
6090 5983.10
6091 3104.76
6092 6637.65
6093 12944.60
6094 7141.56
6095 4544.16
6096 594.98
6097 4000.88
6098 523.50
6099 2701.96
6100 2460.90
6101 1589.50
6102 8083.52
6103 1685.62
6104 5874.35
6105 513.74
6106 6544.75
6107 13055.29
6108 3818.73
6109 3283.40
6110 429.23
6111 2415.98
6112 1175.21
6113 7217.66
6114 560.94
6115 491.91
6116 3791.89
6117 9699.95
6118 10634.50
6119 7430.78
6120 10437.36
6121 4367.51
6122 6079.31
6123 3462.43
6124 4115.13
6125 6026.18
6126 11413.07
6127 8189.01
6128 5177.52
6129 4781.72
6130 7229.85
6131 3420.96
6132 5598.19
6133 9002.61
6134 2110.62
6135 15416.74
6136 4319.74
6137 8476.21
6138 7023.93
6139 3200.99
6140 4088.61
6141 21833.14
6142 3651.32
6143 11102.83
6144 3951.66
6145 4901.82
6146 5086.72
6147 518.43
6148 4160.42
6149 8496.73
6150 4236.00
6151 4559.82
6152 9061.82
6153 12547.07
6154 15345.99
6155 5907.41
6156 13967.02
6157 8511.52
6158 6611.31
6159 2016.69
6160 10763.51
6161 18481.80
6162 5954.46
6163 8187.16
6164 3895.18
6165 4537.79
6166 6990.87
6167 669.00
6168 4677.71
6169 1810.44
6170 12059.05
6171 651.51
6172 6860.27
6173 5292.68
6174 10151.39
6175 4268.33
6176 3234.26
6177 1965.79
6178 13608.72
6179 4010.52
6180 1195.77
6181 6436.88
6182 1954.95
6183 7276.48
6184 6168.03
6185 6239.40
6186 2017.66
6187 1105.71
6188 926.32
6189 7822.11
6190 6279.18
6191 4798.00
6192 8615.99
6193 4224.70
6194 10869.17
6195 13380.81
6196 26916.27
6197 13192.93
6198 4920.43
6199 5626.36
6200 1998.94
6201 3119.86
6202 1592.84
6203 1825.49
6204 1495.32
6205 8383.99
6206 613.48
6207 2395.80
6208 10149.64
6209 1939.34
6210 3829.61
6211 6393.22
6212 3950.30
6213 8892.85
6214 15866.80
6215 2936.67
6216 417.37
6217 2308.57
6218 2420.46
6219 1394.39
6220 4465.39
6221 14092.62
6222 4309.20
6223 6675.33
6224 2004.74
6225 7055.67
6226 9467.77
6227 5217.30
6228 4320.92
6229 9707.34
6230 2314.38
6231 374.00
6232 3655.59
6233 14189.51
6234 12065.61
6235 17511.10
6236 3943.94
6237 2732.95
6238 4166.31
6239 15196.36
6240 9785.20
6241 8959.97
6242 1686.03
6243 4294.50
6244 4894.37
6245 2721.03
6246 6651.53
6247 2112.36
6248 8947.38
6249 2153.27
6250 454.73
6251 3880.52
6252 5359.74
6253 7198.80
6254 3991.13
6255 4844.84
6256 3983.94
6257 416.35
6258 833.18
6259 7068.70
6260 3857.52
6261 2963.63
6262 2061.18
6263 2282.13
6264 9510.36
6265 18210.11
6266 8062.59
6267 22299.05
6268 2360.83
6269 4004.57
6270 8128.69
6271 495.40
6272 548.35
6273 13196.11
6274 4601.56
6275 7816.88
6276 6658.23
6277 419.44
6278 2331.83
6279 13851.19
6280 7558.99
6281 8519.12
6282 9556.01
6283 7599.05
6284 676.42
6285 4225.64
6286 1887.05
6287 5175.31
6288 29691.49
6289 5598.27
6290 3423.01
6291 4378.85
6292 2505.54
6293 8167.84
6294 14683.87
6295 23184.74
6296 1092.00
6297 8553.44
6298 758.59
6299 9764.43
6300 2689.17
6301 346.72
6302 3170.83
6303 2160.17
6304 1640.14
6305 6054.74
6306 9042.31
6307 18026.50
6308 7855.48
6309 9960.92
6310 2783.70
6311 6267.69
6312 613.44
6313 1574.28
6314 4061.31
6315 4221.51
6316 2385.40
6317 12291.06
6318 14594.53
6319 8587.24
6320 7625.45
6321 2431.45
6322 8376.60
6323 13472.23
6324 1363.28
6325 3093.15
6326 11171.20
6327 8907.88
6328 4864.84
6329 3996.47
6330 10513.00
6331 17695.88
6332 6471.15
6333 1727.46
6334 1771.63
6335 2247.57
6336 3656.82
6337 1138.14
6338 895.97
6339 9451.48
6340 18397.17
6341 867.45
6342 2695.22
6343 12246.85
6344 10499.31
6345 5908.76
6346 1915.31
6347 1889.51
6348 4958.80
6349 525.09
6350 3443.75
6351 4654.89
6352 4397.05
6353 5175.87
6354 7665.42
6355 24494.66
6356 3826.69
6357 5335.97
6358 8223.23
6359 2119.14
6360 6718.53
6361 30573.12
6362 5014.44
6363 581.14
6364 5260.23
6365 2116.16
6366 5780.62
6367 10072.47
6368 6369.30
6369 4252.81
6370 5403.89
6371 12450.33
6372 6493.49
6373 545.87
6374 1906.17
6375 1493.38
6376 1752.84
6377 4942.98
6378 4935.26
6379 7911.73
6380 3709.61
6381 7060.82
6382 634.11
6383 6383.72
6384 12010.46
6385 11254.05
6386 824.58
6387 3692.96
6388 6223.95
6389 4063.53
6390 3501.84
6391 6122.13
6392 1982.73
6393 4971.50
6394 4867.55
6395 3758.96
6396 14875.68
6397 6490.89
6398 11392.08
6399 2001.86
6400 1725.67
6401 5874.86
6402 6999.63
6403 4226.64
6404 2088.01
6405 10380.28
6406 2209.18
6407 3848.41
6408 1486.75
6409 5773.20
6410 1902.67
6411 3724.89
6412 7326.45
6413 4973.48
6414 3025.78
6415 1876.63
6416 6530.05
6417 12541.41
6418 8736.31
6419 3122.01
6420 5646.79
6421 6030.06
6422 11272.15
6423 5027.14
6424 1713.26
6425 1390.23
6426 1637.73
6427 2053.14
6428 8996.74
6429 9641.00
6430 2409.80
6431 15145.17
6432 4820.56
6433 5575.23
6434 4154.09
6435 3746.38
6436 12922.68
6437 11439.38
6438 998.50
6439 11069.02
6440 8714.20
6441 2316.42
6442 3694.74
6443 5203.34
6444 11855.51
6445 4421.24
6446 2093.81
6447 16730.77
6448 7531.73
6449 5922.77
6450 24286.29
6451 8779.50
6452 3572.70
6453 555.71
6454 2299.49
6455 6925.92
6456 5803.19
6457 2837.07
6458 7548.25
6459 5950.28
6460 7141.48
6461 4323.48
6462 15023.25
6463 4281.77
6464 1911.42
6465 9278.32
6466 1986.19
6467 6431.43
6468 2752.79
6469 1459.93
6470 459.69
6471 3156.66
6472 10204.24
6473 896.18
6474 5025.82
6475 1413.28
6476 1841.33
6477 13456.33
6478 4806.22
6479 6887.39
6480 3446.71
6481 8016.78
6482 11370.40
6483 7034.01
6484 3540.84
6485 6393.35
6486 20552.71
6487 6211.30
6488 3311.21
6489 819.68
6490 12087.15
6491 5411.24
6492 683.65
6493 675.58
6494 7378.41
6495 3892.55
6496 1419.63
6497 3723.97
6498 6280.09
6499 620.01
6500 3184.45
6501 25030.15
6502 14763.26
6503 2367.30
6504 1445.98
6505 1420.11
6506 6049.91
6507 4101.40
6508 6723.80
6509 9836.30
6510 7432.71
6511 4366.08
6512 6411.62
6513 1364.36
6514 3564.75
6515 11072.92
6516 11503.62
6517 1241.79
6518 310.13
6519 2379.39
6520 2323.88
6521 3108.20
6522 5381.56
6523 24495.84
6524 17818.40
6525 4642.15
6526 2860.54
6527 2167.31
6528 8723.95
6529 5056.17
6530 486.23
6531 1597.71
6532 2052.68
6533 3310.33
6534 4229.09
6535 5487.33
6536 5360.28
6537 4208.75
6538 7069.68
6539 5371.79
6540 16587.33
6541 737.97
6542 11491.49
6543 2706.19
6544 7601.02
6545 9042.80
6546 11705.46
6547 4808.89
6548 11984.21
6549 834.33
6550 5264.43
6551 6431.99
6552 4035.18
6553 7110.48
6554 7985.38
6555 22830.16
6556 9793.25
6557 3813.63
6558 1521.19
6559 1716.00
6560 2218.70
6561 6200.37
6562 11890.54
6563 14501.40
6564 2291.87
6565 1343.16
6566 1202.60
6567 1110.54
6568 10482.89
6569 9353.97
6570 2430.15
6571 7321.92
6572 2419.59
6573 4281.74
6574 14057.39
6575 2782.84
6576 8430.80
6577 5114.05
6578 2394.87
6579 20907.74
6580 7545.07
6581 10455.02
6582 7923.47
6583 591.52
6584 1490.69
6585 1996.15
6586 4224.60
6587 2296.34
6588 1316.24
6589 2150.58
6590 8143.58
6591 11755.00
6592 7477.26
6593 5229.45
6594 3620.51
6595 15787.61
6596 6585.93
6597 6530.33
6598 3931.20
6599 12520.02
6600 9774.77
6601 1646.12
6602 1992.78
6603 468.38
6604 3306.81
6605 1331.05
6606 1753.97
6607 6093.79
6608 7064.52
6609 4073.20
6610 839.25
6611 11333.74
6612 2537.75
6613 10516.31
6614 3429.31
6615 6249.05
6616 5385.87
6617 1810.52
6618 2679.04
6619 1934.07
6620 12626.45
6621 10008.27
6622 3218.83
6623 3492.77
6624 7020.84
6625 5101.40
6626 14482.72
6627 2367.59
6628 10569.68
6629 2159.76
6630 1728.74
6631 3524.05
6632 3570.82
6633 4414.67
6634 9114.03
6635 7341.25
6636 3834.63
6637 503.17
6638 9802.98
6639 6832.48
6640 13451.96
6641 4892.14
6642 15303.13
6643 9808.31
6644 857.41
6645 16684.06
6646 2216.83
6647 1702.29
6648 4855.50
6649 0.00
6650 2106.75
6651 2446.33
6652 2679.25
6653 10480.00
6654 2007.73
6655 2287.78
6656 481.13
6657 641.32
6658 2754.24
6659 3123.91
6660 2469.99
6661 1900.51
6662 2396.79
6663 1729.06
6664 3335.95
6665 1567.01
6666 681.34
6667 1118.84
6668 1737.97
6669 3679.18
6670 2949.42
6671 9095.69
6672 2608.11
6673 1814.86
6674 1726.07
6675 4246.25
6676 2738.32
6677 1427.47
6678 3048.77
6679 5812.58
6680 1122.48
6681 1802.17
6682 4479.94
6683 3087.30
6684 948.46
6685 1502.95
6686 425.74
6687 2495.98
6688 1679.64
6689 860.19
6690 3252.48
6691 2734.09
6692 5646.34
6693 3598.59
6694 3890.24
6695 493.23
6696 4094.62
6697 712.47
6698 6386.96
6699 3872.85
6700 1880.58
6701 2776.91
6702 618.68
6703 7575.06
6704 4436.48
6705 2722.06
6706 2401.08
6707 1674.32
6708 1018.50
6709 3150.72
6710 4935.48
6711 3608.99
6712 560.50
6713 1207.86
6714 2584.71
6715 1102.53
6716 1089.94
6717 2647.68
6718 1700.02
6719 4575.86
6720 763.16
6721 3507.54
6722 3725.20
6723 6781.50
6724 4912.63
6725 4749.82
6726 3004.15
6727 4134.31
6728 576.39
6729 1048.83
6730 539.97
6731 2555.10
6732 5589.11
6733 1774.79
6734 1875.10
6735 5128.75
6736 1953.78
6737 5945.39
6738 3988.17
6739 525.60
6740 1533.89
6741 6902.83
6742 7974.56
6743 3893.70
6744 2696.45
6745 1578.31
6746 1874.06
6747 2640.46
6748 2191.78
6749 1107.26
6750 2504.47
6751 5206.61
6752 3852.38
6753 2751.14
6754 2225.81
6755 643.41
6756 4907.97
6757 1814.31
6758 2511.98
6759 4875.73
6760 3642.25
6761 1228.76
6762 5884.05
6763 4139.72
6764 3734.28
6765 1976.28
6766 1696.33
6767 4222.20
6768 5694.01
6769 3875.50
6770 221.99
6771 1154.10
6772 2421.31
6773 8383.68
6774 5535.29
6775 1552.20
6776 968.69
6777 5960.44
6778 5143.32
6779 3717.50
6780 149.21
6781 3798.44
6782 1079.90
6783 2546.28
6784 8300.88
6785 2908.60
6786 1196.83
6787 650.84
6788 5729.43
6789 3254.17
6790 2577.78
6791 1743.01
6792 1561.35
6793 1174.72
6794 5298.84
6795 2044.52
6796 1135.30
6797 261.12
6798 4548.85
6799 4203.96
6800 1970.76
6801 3130.10
6802 1459.80
6803 3548.31
6804 2153.97
6805 2309.74
6806 2377.89
6807 1149.36
6808 1333.44
6809 10938.57
6810 795.13
6811 2585.52
6812 2825.37
6813 5180.78
6814 5217.43
6815 3028.65
6816 3702.69
6817 1115.97
6818 2721.17
6819 4855.25
6820 3670.98
6821 661.07
6822 2806.31
6823 1792.76
6824 1065.84
6825 3767.05
6826 5559.71
6827 1847.14
6828 1671.30
6829 3960.56
6830 7048.38
6831 2769.57
6832 832.11
6833 2316.78
6834 10129.07
6835 4936.48
6836 2918.41
6837 4538.03
6838 3982.33
6839 7201.15
6840 9322.25
6841 3789.60
6842 3155.97
6843 798.36
6844 4628.61
6845 2104.15
6846 976.21
6847 1128.62
6848 7567.20
6849 2787.84
6850 2908.34
6851 2354.63
6852 12492.50
6853 885.61
6854 7823.35
6855 1941.06
6856 1053.86
6857 4438.94
6858 3988.42
6859 1621.49
6860 4560.92
6861 2952.99
6862 2389.18
6863 2796.56
6864 2680.86
6865 910.81
6866 551.61
6867 2776.17
6868 2879.29
6869 6649.86
6870 731.55
6871 509.71
6872 4078.22
6873 1882.27
6874 5732.21
6875 3155.18
6876 2299.22
6877 2289.58
6878 2939.80
6879 1722.78
6880 2357.49
6881 1278.82
6882 3020.30
6883 3707.18
6884 5234.93
6885 3736.50
6886 1842.28
6887 3119.39
6888 3016.62
6889 1997.65
6890 835.32
6891 1613.95
6892 2488.75
6893 1669.28
6894 1843.76
6895 4314.22
6896 7155.49
6897 5945.04
6898 3064.29
6899 4609.19
6900 2034.51
6901 5035.61
6902 1553.49
6903 2404.65
6904 1930.85
6905 3533.99
6906 1825.07
6907 1672.36
6908 1033.89
6909 2436.73
6910 5358.52
6911 1947.50
6912 2283.11
6913 2727.09
6914 552.23
6915 2681.71
6916 1892.36
6917 620.73
6918 3386.05
6919 1194.58
6920 1213.07
6921 456.42
6922 1230.89
6923 5314.42
6924 1889.26
6925 2295.01
6926 1532.92
6927 1451.90
6928 1217.28
6929 6756.74
6930 1034.59
6931 988.11
6932 1924.40
6933 3862.69
6934 4868.94
6935 7143.67
6936 975.28
6937 1238.32
6938 3946.78
6939 3518.07
6940 3491.13
6941 3260.07
6942 1649.10
6943 1090.15
6944 225.45
6945 6177.91
6946 11138.27
6947 1966.06
6948 5036.73
6949 1193.05
6950 458.57
6951 540.94
6952 1156.76
6953 1894.25
6954 1195.04
6955 3787.98
6956 3924.99
6957 2013.62
6958 3271.94
6959 6212.93
6960 4936.27
6961 7917.65
6962 3871.97
6963 3864.13
6964 4112.86
6965 2237.22
6966 5037.33
6967 2459.16
6968 1637.95
6969 2368.77
6970 2770.85
6971 1738.20
6972 4166.11
6973 4546.08
6974 8151.22
6975 1130.52
6976 5824.49
6977 4676.46
6978 4905.41
6979 565.15
6980 3269.75
6981 3600.59
6982 1143.18
6983 2983.17
6984 3399.79
6985 1030.04
6986 5464.38
6987 6012.58
6988 6610.79
6989 2816.18
6990 6369.99
6991 7644.72
6992 1859.48
6993 3702.36
6994 982.27
6995 2814.94
6996 9388.46
6997 1789.28
6998 2341.85
6999 2084.03
7000 2400.27
7001 2651.00
7002 3375.33
7003 8686.07
7004 8899.50
7005 6295.10
7006 1381.67
7007 4193.59
7008 221.12
7009 5782.54
7010 633.51
7011 1126.66
7012 4763.56
7013 2336.67
7014 5841.10
7015 3803.87
7016 1095.26
7017 3531.86
7018 578.36
7019 921.60
7020 1352.87
7021 1972.89
7022 3392.88
7023 2538.11
7024 2675.96
7025 4114.95
7026 1129.76
7027 4470.79
7028 2152.94
7029 4906.87
7030 7333.48
7031 702.60
7032 3528.47
7033 735.32
7034 5186.10
7035 4050.52
7036 4377.23
7037 484.10
7038 4062.90
7039 6705.34
7040 5484.55
7041 3989.63
7042 567.35
7043 978.16
7044 1304.48
7045 8528.43
7046 1463.11
7047 2393.55
7048 1567.33
7049 1598.00
7050 3275.46
7051 747.43
7052 12184.86
7053 3771.75
7054 5257.51
7055 1876.52
7056 2007.40
7057 510.96
7058 5329.29
7059 7667.21
7060 619.45
7061 2232.31
7062 1325.80
7063 10253.39
7064 7322.76
7065 4441.07
7066 2919.92
7067 2931.89
7068 2550.82
7069 1681.92
7070 2101.27
7071 5871.26
7072 11252.30
7073 2070.14
7074 7790.81
7075 667.33
7076 548.06
7077 3315.26
7078 3256.94
7079 2958.37
7080 1760.56
7081 4201.95
7082 6675.85
7083 2545.49
7084 2337.97
7085 5813.53
7086 3830.09
7087 8775.24
7088 5789.24
7089 2174.17
7090 961.08
7091 667.86
7092 3850.70
7093 136.73
7094 3023.40
7095 1822.62
7096 995.99
7097 3766.17
7098 3998.07
7099 956.06
7100 443.13
7101 4913.61
7102 3168.27
7103 8050.57
7104 1129.72
7105 1839.73
7106 3999.97
7107 4410.58
7108 1152.68
7109 1165.40
7110 2724.48
7111 1334.84
7112 3994.25
7113 1802.76
7114 4186.31
7115 5043.42
7116 645.29
7117 531.51
7118 3046.32
7119 2096.80
7120 4690.63
7121 1107.43
7122 2553.61
7123 4723.66
7124 3325.38
7125 734.73
7126 4440.10
7127 1505.38
7128 474.41
7129 868.20
7130 7780.89
7131 5613.42
7132 1721.01
7133 2541.54
7134 5339.61
7135 1644.59
7136 1873.89
7137 1992.82
7138 9183.33
7139 2221.51
7140 412.01
7141 1719.53
7142 4108.83
7143 904.76
7144 620.35
7145 2169.17
7146 7238.74
7147 2873.86
7148 3033.42
7149 6192.26
7150 5084.60
7151 3098.12
7152 4650.00
7153 1985.99
7154 3958.28
7155 6140.79
7156 5025.37
7157 3786.59
7158 7438.98
7159 2423.87
7160 1432.69
7161 3982.14
7162 6436.88
7163 3794.04
7164 1874.45
7165 1736.24
7166 1572.19
7167 2465.89
7168 3248.68
7169 2303.96
7170 4576.69
7171 1736.59
7172 7975.57
7173 3717.38
7174 138.09
7175 5771.28
7176 3578.78
7177 6225.08
7178 8787.80
7179 2785.77
7180 2641.05
7181 538.46
7182 1742.39
7183 4609.20
7184 189.31
7185 3216.79
7186 1799.54
7187 3346.31
7188 6415.82
7189 1879.15
7190 3999.31
7191 2887.01
7192 4981.92
7193 1790.57
7194 5429.34
7195 531.68
7196 2184.02
7197 4794.50
7198 521.53
7199 4790.79
7200 2283.21
7201 2661.59
7202 152.56
7203 849.66
7204 3408.48
7205 4450.93
7206 207.03
7207 830.41
7208 1881.92
7209 453.27
7210 899.92
7211 3057.07
7212 3586.16
7213 2919.98
7214 3844.20
7215 5947.89
7216 1501.77
7217 5134.12
7218 1947.60
7219 6114.49
7220 2664.38
7221 4061.33
7222 2387.60
7223 1777.95
7224 5633.51
7225 2725.16
7226 4191.67
7227 7910.45
7228 2875.81
7229 2584.20
7230 1063.27
7231 6445.33
7232 4109.65
7233 5886.49
7234 5519.56
7235 2266.67
7236 4123.49
7237 3356.97
7238 548.33
7239 3515.58
7240 7570.00
7241 2315.16
7242 909.71
7243 1740.22
7244 2860.21
7245 2187.23
7246 1122.47
7247 4541.24
7248 3790.65
7249 4763.62
7250 5596.40
7251 3583.01
7252 4815.17
7253 1861.79
7254 1937.76
7255 2373.98
7256 3592.41
7257 2810.09
7258 6646.02
7259 5330.59
7260 1877.48
7261 6826.64
7262 9183.10
7263 3500.77
7264 1034.69
7265 3472.46
7266 1536.04
7267 1057.61
7268 1425.81
7269 6403.29
7270 5210.59
7271 999.94
7272 2519.88
7273 3697.64
7274 1059.66
7275 3085.96
7276 1232.39
7277 1327.95
7278 3824.24
7279 2839.01
7280 8531.52
7281 3531.92
7282 1337.85
7283 5833.01
7284 230.02
7285 3729.06
7286 6098.19
7287 4714.93
7288 5246.60
7289 4189.30
7290 3627.25
7291 1731.29
7292 4909.02
7293 2966.02
7294 612.50
7295 6354.70
7296 9269.43
7297 1053.43
7298 1822.15
7299 9733.19
7300 570.16
7301 3360.97
7302 2671.14
7303 6606.03
7304 924.81
7305 1710.93
7306 3952.16
7307 4285.41
7308 6558.84
7309 904.09
7310 9854.51
7311 2423.75
7312 1916.03
7313 2859.98
7314 3319.03
7315 2377.43
7316 4268.34
7317 3740.29
7318 3907.07
7319 2469.69
7320 1145.42
7321 3669.59
7322 3072.97
7323 5585.16
7324 2037.34
7325 4364.07
7326 4388.28
7327 1390.43
7328 7841.02
7329 5076.22
7330 4455.00
7331 4186.34
7332 4055.51
7333 7486.94
7334 3904.10
7335 2414.03
7336 254.23
7337 9125.65
7338 1646.79
7339 2737.44
7340 5012.16
7341 603.42
7342 1218.89
7343 2677.54
7344 5389.61
7345 3997.58
7346 294.49
7347 6721.27
7348 3811.21
7349 678.53
7350 1539.07
7351 3929.23
7352 1735.09
7353 1938.70
7354 6177.62
7355 4764.18
7356 980.51
7357 2913.32
7358 2750.56
7359 5229.58
7360 12196.64
7361 3578.76
7362 6817.09
7363 612.31
7364 2517.44
7365 1831.22
7366 1921.24
7367 3568.76
7368 4835.36
7369 6450.48
7370 5996.05
7371 2143.14
7372 6195.17
7373 3899.81
7374 1700.75
7375 1667.07
7376 1897.09
7377 1431.05
7378 1930.42
7379 2642.26
7380 1769.59
7381 4491.22
7382 6281.55
7383 5347.66
7384 3668.90
7385 1186.37
7386 727.07
7387 4789.26
7388 2800.37
7389 2271.64
7390 3532.77
7391 12383.58
7392 3835.68
7393 2491.67
7394 3431.50
7395 564.56
7396 5351.16
7397 587.49
7398 1754.35
7399 4784.31
7400 2126.46
7401 6008.31
7402 2435.30
7403 1121.93
7404 4053.19
7405 4313.31
7406 6157.58
7407 4396.25
7408 2902.59
7409 3168.64
7410 1581.04
7411 1981.55
7412 3594.60
7413 5369.53
7414 4665.73
7415 7807.13
7416 9129.19
7417 1285.59
7418 5194.27
7419 1666.93
7420 1326.95
7421 4156.83
7422 5918.65
7423 4794.00
7424 2047.39
7425 4097.78
7426 477.23
7427 2585.63
7428 2068.81
7429 547.47
7430 2673.08
7431 1676.76
7432 3854.23
7433 4907.48
7434 2605.80
7435 2508.71
7436 5009.15
7437 2913.03
7438 3554.65
7439 4701.44
7440 4291.41
7441 954.33
7442 3037.49
7443 969.68
7444 1188.49
7445 1903.60
7446 4648.34
7447 3152.61
7448 4899.02
7449 1206.41
7450 543.25
7451 7574.48
7452 3193.64
7453 6317.30
7454 4536.75
7455 5985.63
7456 1964.34
7457 4041.96
7458 2955.77
7459 251.64
7460 474.83
7461 1686.01
7462 3298.49
7463 7549.17
7464 7191.19
7465 1139.50
7466 139.41
7467 4904.88
7468 2798.46
7469 2949.77
7470 1014.13
7471 2461.30
7472 2828.30
7473 1722.06
7474 3761.80
7475 3887.61
7476 1768.84
7477 1021.66
7478 1042.94
7479 4038.83
7480 1797.48
7481 1117.84
7482 7193.17
7483 1476.97
7484 1654.79
7485 2249.43
7486 1432.00
7487 3939.22
7488 3104.26
7489 11900.14
7490 4682.42
7491 1604.94
7492 3516.11
7493 1184.85
7494 3318.40
7495 4333.82
7496 2840.95
7497 6457.89
7498 3775.18
7499 229.71
7500 3250.32
7501 5103.36
7502 5427.97
7503 10697.54
7504 2580.73
7505 4639.41
7506 1059.94
7507 3072.93
7508 2705.97
7509 2971.00
7510 482.95
7511 2626.44
7512 1266.10
7513 2557.75
7514 2339.24
7515 1102.59
7516 2077.52
7517 3550.37
7518 7740.02
7519 2022.31
7520 1632.07
7521 1073.67
7522 2796.95
7523 378.63
7524 1743.46
7525 4793.40
7526 3093.49
7527 5801.41
7528 2380.24
7529 1014.19
7530 3661.11
7531 1422.39
7532 4258.42
7533 1005.65
7534 577.41
7535 6759.89
7536 2076.55
7537 726.87
7538 1087.28
7539 529.06
7540 1999.98
7541 3621.32
7542 3036.01
7543 3452.58
7544 460.26
7545 1826.17
7546 1933.65
7547 11580.22
7548 3483.55
7549 2526.31
7550 2644.37
7551 1231.26
7552 2728.89
7553 7143.22
7554 2146.33
7555 765.86
7556 287.96
7557 7448.14
7558 1129.11
7559 1662.73
7560 999.52
7561 1814.33
7562 5765.33
7563 4697.18
7564 5954.18
7565 2105.59
7566 3158.10
7567 4178.18
7568 7212.05
7569 3057.99
7570 4138.05
7571 1024.74
7572 4163.40
7573 3467.88
7574 2984.57
7575 488.51
7576 3251.11
7577 1253.59
7578 2896.51
7579 5509.50
7580 6496.29
7581 5988.87
7582 3007.87
7583 7451.87
7584 736.87
7585 4330.25
7586 1518.45
7587 950.82
7588 1611.12
7589 1814.97
7590 2570.58
7591 2884.32
7592 4385.39
7593 2989.59
7594 608.25
7595 1828.90
7596 3567.21
7597 450.91
7598 2064.87
7599 1507.46
7600 2949.41
7601 3101.13
7602 4774.17
7603 922.43
7604 1170.81
7605 7098.02
7606 2969.66
7607 1600.41
7608 1145.74
7609 6408.06
7610 2769.13
7611 642.87
7612 4248.28
7613 3943.89
7614 5492.62
7615 762.28
7616 1543.84
7617 2851.45
7618 3431.09
7619 1109.81
7620 4092.23
7621 5641.58
7622 4093.25
7623 7623.60
7624 4058.24
7625 8105.99
7626 428.02
7627 760.06
7628 323.56
7629 5651.79
7630 1223.90
7631 3027.78
7632 2093.96
7633 4149.15
7634 5191.38
7635 2001.75
7636 3972.97
7637 2032.02
7638 3230.30
7639 1821.19
7640 2496.01
7641 1190.49
7642 538.69
7643 1980.69
7644 1664.92
7645 815.82
7646 1579.73
7647 3591.26
7648 4121.22
7649 9179.06
7650 2250.82
7651 1588.22
7652 2396.36
7653 568.15
7654 6320.18
7655 4428.15
7656 4031.94
7657 6424.24
7658 1326.65
7659 1803.07
7660 1603.70
7661 2258.44
7662 1102.73
7663 4085.88
7664 3012.75
7665 3304.11
7666 3782.66
7667 236.46
7668 969.60
7669 919.01
7670 4667.58
7671 1179.19
7672 3534.79
7673 468.57
7674 667.40
7675 2494.93
7676 3885.99
7677 3171.00
7678 2757.92
7679 1699.04
7680 966.61
7681 1773.42
7682 5015.59
7683 1763.28
7684 1009.21
7685 1355.01
7686 2733.93
7687 147.77
7688 2504.13
7689 619.18
7690 1427.83
7691 7125.52
7692 603.55
7693 2589.04
7694 3664.48
7695 1895.72
7696 3793.00
7697 453.44
7698 1944.72
7699 5250.49
7700 2671.29
7701 2357.83
7702 2204.24
7703 2498.69
7704 3578.40
7705 4651.89
7706 5707.78
7707 4891.56
7708 2486.09
7709 2165.51
7710 1267.96
7711 3674.28
7712 2853.79
7713 1381.75
7714 3880.05
7715 3190.39
7716 5086.25
7717 771.23
7718 1033.94
7719 3712.93
7720 1230.22
7721 3589.09
7722 479.98
7723 1562.57
7724 2137.28
7725 4064.48
7726 2204.08
7727 8089.25
7728 3093.58
7729 1183.56
7730 10560.03
7731 1299.40
7732 3767.00
7733 2473.30
7734 2482.02
7735 2998.18
7736 1225.77
7737 106.37
7738 2397.13
7739 5414.10
7740 3210.61
7741 6838.29
7742 1755.34
7743 2233.92
7744 1148.54
7745 1370.46
7746 4089.63
7747 3466.72
7748 1084.32
7749 6115.97
7750 1828.19
7751 471.67
7752 2983.60
7753 5810.47
7754 6066.53
7755 5086.06
7756 3577.05
7757 2181.92
7758 2800.16
7759 5221.10
7760 1981.77
7761 1611.25
7762 4607.04
7763 4161.72
7764 4133.42
7765 2617.00
7766 1604.89
7767 3672.76
7768 1928.80
7769 7031.09
7770 5376.63
7771 530.49
7772 3803.99
7773 5647.52
7774 195.52
7775 1497.68
7776 3406.03
7777 2753.01
7778 386.57
7779 1012.14
7780 1681.08
7781 5092.38
7782 8030.22
7783 2064.61
7784 2511.10
7785 3520.95
7786 3808.91
7787 8907.82
7788 1769.29
7789 1554.20
7790 810.05
7791 2309.14
7792 1826.86
7793 1212.90
7794 8084.76
7795 4505.91
7796 5990.98
7797 14613.78
7798 2594.03
7799 2933.26
7800 5640.75
7801 5006.59
7802 4054.64
7803 1405.33
7804 341.51
7805 902.44
7806 626.78
7807 2341.54
7808 3125.44
7809 3890.39
7810 2255.45
7811 1614.13
7812 4420.14
7813 1991.71
7814 3139.19
7815 4511.24
7816 1228.59
7817 4650.01
7818 4521.84
7819 2549.46
7820 4423.74
7821 7170.09
7822 2356.83
7823 3855.32
7824 3252.87
7825 4094.20
7826 6532.94
7827 5352.16
7828 3883.54
7829 3523.56
7830 7137.38
7831 1975.02
7832 1396.32
7833 6004.97
7834 2823.61
7835 1705.89
7836 882.48
7837 1174.71
7838 7577.77
7839 2947.24
7840 3210.89
7841 5073.44
7842 2088.68
7843 1968.16
7844 5242.03
7845 1875.25
7846 1764.52
7847 1923.71
7848 918.09
7849 5562.01
7850 2528.69
7851 2913.60
7852 1824.81
7853 3515.77
7854 6310.35
7855 3316.98
7856 6223.02
7857 6067.48
7858 1140.11
7859 3807.75
7860 2525.69
7861 3544.44
7862 527.16
7863 2444.87
7864 3583.95
7865 1315.63
7866 4298.62
7867 4901.11
7868 3811.77
7869 1512.44
7870 1491.74
7871 2710.05
7872 1340.85
7873 4676.51
7874 3266.99
7875 1086.38
7876 2488.32
7877 2891.04
7878 3168.60
7879 13084.37
7880 1590.88
7881 3071.57
7882 3827.74
7883 2254.80
7884 3593.20
7885 4793.47
7886 439.93
7887 2668.61
7888 4336.04
7889 5059.27
7890 3178.36
7891 4619.77
7892 3442.00
7893 1044.58
7894 1739.75
7895 1689.12
7896 3278.78
7897 4381.77
7898 6958.34
7899 1839.04
7900 8118.55
7901 1179.08
7902 1813.64
7903 2588.05
7904 5032.45
7905 2636.33
7906 476.93
7907 3336.79
7908 6806.68
7909 2855.79
7910 1819.26
7911 5253.16
7912 3367.67
7913 1668.77
7914 1878.01
7915 4409.56
7916 2527.69
7917 12998.08
7918 1905.59
7919 1973.80
7920 863.91
7921 9591.90
7922 2392.89
7923 185.66
7924 2868.71
7925 1210.77
7926 496.94
7927 1005.44
7928 673.26
7929 3433.71
7930 1661.86
7931 3320.40
7932 2401.67
7933 2848.12
7934 4654.41
7935 5075.74
7936 2549.91
7937 2648.22
7938 6964.25
7939 5978.59
7940 4709.34
7941 6791.23
7942 940.38
7943 3803.44
7944 5621.41
7945 3864.15
7946 964.50
7947 2379.01
7948 5378.04
7949 2673.41
7950 2854.28
7951 7810.06
7952 1609.25
7953 3639.42
7954 8101.53
7955 4691.35
7956 2486.23
7957 1929.25
7958 4098.10
7959 1627.52
7960 568.29
7961 5307.16
7962 4988.94
7963 7201.47
7964 617.05
7965 139.55
7966 2862.44
7967 168.30
7968 2331.34
7969 4537.82
7970 15660.83
7971 4560.94
7972 999.87
7973 1876.91
7974 2500.84
7975 2977.15
7976 2522.97
7977 3036.32
7978 1126.99
7979 1573.21
7980 2965.13
7981 2551.76
7982 5893.05
7983 3534.12
7984 400.91
7985 2457.81
7986 3749.71
7987 4405.50
7988 2107.32
7989 4232.80
7990 3911.05
7991 13827.42
7992 11983.36
7993 1932.51
7994 2802.55
7995 4232.00
7996 3897.24
7997 2419.87
7998 4824.80
7999 4102.12
8000 2325.53
8001 2977.73
8002 2039.33
8003 1439.56
8004 2578.06
8005 3658.81
8006 4153.25
8007 2329.44
8008 4118.98
8009 1873.70
8010 2151.89
8011 5322.63
8012 4968.47
8013 4953.17
8014 2184.66
8015 2647.29
8016 1407.10
8017 2490.05
8018 3452.51
8019 635.84
8020 2464.90
8021 1801.89
8022 2860.23
8023 2255.65
8024 5437.32
8025 421.53
8026 4415.61
8027 2875.39
8028 4912.86
8029 2563.84
8030 5512.54
8031 8052.45
8032 231.09
8033 2692.89
8034 964.70
8035 4914.24
8036 1197.88
8037 2875.76
8038 2040.40
8039 1617.31
8040 478.72
8041 5424.54
8042 2540.92
8043 1231.35
8044 2677.65
8045 2484.88
8046 1942.26
8047 5419.27
8048 8786.17
8049 1666.92
8050 588.66
8051 2518.21
8052 4323.57
8053 632.27
8054 2403.92
8055 5168.27
8056 2702.22
8057 2735.39
8058 7388.78
8059 2364.96
8060 4566.61
8061 2821.61
8062 1675.83
8063 2550.36
8064 1916.36
8065 960.40
8066 2587.59
8067 1932.16
8068 1012.53
8069 2911.33
8070 4952.67
8071 2655.52
8072 393.43
8073 1596.60
8074 2707.35
8075 2135.11
8076 1965.73
8077 2197.35
8078 1950.49
8079 7354.55
8080 5454.71
8081 1310.69
8082 4371.80
8083 5360.72
8084 3461.26
8085 3283.84
8086 2317.75
8087 1884.09
8088 2788.03
8089 2703.40
8090 7689.96
8091 2146.72
8092 2490.24
8093 561.84
8094 685.83
8095 5949.78
8096 1806.11
8097 1950.26
8098 5789.32
8099 4372.27
8100 8956.16
8101 2113.90
8102 4256.60
8103 3751.90
8104 1723.89
8105 1642.56
8106 495.10
8107 5037.37
8108 493.10
8109 3747.53
8110 2414.68
8111 1268.03
8112 5581.44
8113 4293.59
8114 1044.66
8115 2949.43
8116 1653.94
8117 2078.42
8118 3763.99
8119 4355.90
8120 6908.56
8121 4980.27
8122 2842.89
8123 7577.11
8124 1106.40
8125 5465.95
8126 615.56
8127 3578.55
8128 5266.42
8129 180.17
8130 6321.21
8131 5344.89
8132 1103.88
8133 660.22
8134 7588.46
8135 2865.41
8136 431.95
8137 2728.50
8138 4326.09
8139 596.18
8140 3395.46
8141 970.73
8142 2573.49
8143 2470.22
8144 2727.47
8145 3665.35
8146 5958.98
8147 4767.07
8148 1528.67
8149 2314.88
8150 4260.99
8151 1654.48
8152 3151.25
8153 5419.10
8154 5479.28
8155 2266.38
8156 6916.63
8157 872.36
8158 1705.56
8159 4942.93
8160 4437.64
8161 5564.42
8162 6494.58
8163 3701.50
8164 1828.30
8165 2057.15
8166 4942.37
8167 3228.07
8168 3211.94
8169 445.65
8170 580.35
8171 3185.57
8172 3962.85
8173 2488.77
8174 3660.90
8175 1115.08
8176 3042.86
8177 3621.10
8178 2590.80
8179 1808.94
8180 1632.34
8181 645.45
8182 6649.01
8183 3607.41
8184 2716.20
8185 2819.73
8186 3974.45
8187 7959.69
8188 1382.11
8189 3466.99
8190 1772.95
8191 7521.54
8192 597.05
8193 982.12
8194 3627.04
8195 2348.04
8196 2310.61
8197 3497.49
8198 2814.96
8199 2386.83
8200 3409.76
8201 1167.36
8202 3891.30
8203 4864.87
8204 1337.88
8205 4531.06
8206 4866.30
8207 783.02
8208 3101.72
8209 3950.31
8210 4717.23
8211 2924.36
8212 1829.45
8213 3579.17
8214 2723.38
8215 1563.31
8216 3065.25
8217 4038.29
8218 1608.71
8219 4256.63
8220 1945.59
8221 2039.18
8222 6312.80
8223 4617.28
8224 4640.25
8225 2355.67
8226 1562.08
8227 1696.40
8228 605.86
8229 4975.15
8230 3588.52
8231 1781.30
8232 808.13
8233 9762.86
8234 5144.15
8235 2820.03
8236 5120.62
8237 2117.45
8238 6494.50
8239 3301.11
8240 1937.23
8241 4268.86
8242 5927.53
8243 2080.89
8244 497.30
8245 992.94
8246 2592.02
8247 5353.89
8248 6177.99
8249 1368.59
8250 3665.32
8251 2808.00
8252 2373.81
8253 4545.93
8254 1674.27
8255 3429.62
8256 5412.44
8257 3611.78
8258 2513.35
8259 2204.99
8260 3500.78
8261 1992.96
8262 6863.62
8263 3721.55
8264 6659.85
8265 4463.15
8266 3181.76
8267 468.84
8268 3830.96
8269 4874.13
8270 1644.27
8271 1213.45
8272 4268.57
8273 5969.13
8274 2912.67
8275 3619.78
8276 3343.55
8277 5048.01
8278 2816.52
8279 2135.97
8280 2653.82
8281 3171.28
8282 2081.40
8283 558.33
8284 2780.48
8285 1094.51
8286 4595.41
8287 2094.54
8288 6770.93
8289 489.19
8290 4052.80
8291 5341.30
8292 3363.41
8293 3675.96
8294 7235.17
8295 1579.45
8296 1424.39
8297 4346.12
8298 3123.31
8299 2539.96
8300 3706.70
8301 1901.56
8302 7451.46
8303 2611.43
8304 1918.17
8305 1117.16
8306 2425.98
8307 1650.29
8308 1933.06
8309 5642.53
8310 2759.93
8311 3724.37
8312 4384.75
8313 4967.37
8314 2127.25
8315 5108.59
8316 3998.66
8317 3592.56
8318 2843.58
8319 4848.14
8320 2281.33
8321 1830.33
8322 1122.81
8323 2715.99
8324 3532.37
8325 9297.15
8326 2143.24
8327 385.74
8328 2098.99
8329 849.33
8330 1579.38
8331 4400.29
8332 1271.65
8333 2108.60
8334 3375.10
8335 1076.68
8336 1132.01
8337 1705.81
8338 1717.55
8339 2307.24
8340 2326.68
8341 951.48
8342 767.30
8343 5542.35
8344 2734.60
8345 3372.42
8346 6182.80
8347 2083.11
8348 7318.69
8349 3977.60
8350 2468.81
8351 1752.27
8352 2218.27
8353 2497.50
8354 3574.96
8355 1901.89
8356 2789.49
8357 3527.25
8358 1703.65
8359 3198.62
8360 379.83
8361 1026.17
8362 3685.08
8363 778.46
8364 1470.15
8365 2578.52
8366 4678.34
8367 3098.59
8368 5880.78
8369 2923.32
8370 3770.90
8371 1789.62
8372 1873.27
8373 777.70
8374 9229.74
8375 1151.81
8376 4611.20
8377 617.23
8378 795.97
8379 2672.99
8380 7878.93
8381 1317.84
8382 3350.45
8383 1215.98
8384 4745.44
8385 7917.67
8386 2085.51
8387 990.58
8388 1173.07
8389 8671.12
8390 4305.83
8391 625.59
8392 2893.66
8393 4897.96
8394 3776.65
8395 1458.61
8396 2722.49
8397 2361.13
8398 605.77
8399 3932.35
8400 1897.72
8401 3880.46
8402 5394.39
8403 4412.13
8404 3545.40
8405 2161.40
8406 2564.26
8407 1599.32
8408 1025.63
8409 1997.63
8410 3443.41
8411 3917.66
8412 1935.44
8413 9461.19
8414 1698.38
8415 5435.00
8416 580.57
8417 4854.70
8418 1953.67
8419 727.45
8420 1239.38
8421 6636.02
8422 2910.58
8423 1041.82
8424 1084.66
8425 1337.68
8426 556.93
8427 4781.07
8428 3519.30
8429 1161.07
8430 4769.97
8431 4631.04
8432 4806.54
8433 2280.55
8434 934.06
8435 597.51
8436 4651.09
8437 6609.55
8438 1213.12
8439 4988.81
8440 7452.99
8441 3229.30
8442 3916.88
8443 3424.91
8444 1832.54
8445 1864.10
8446 6190.62
8447 2021.62
8448 3119.80
8449 1318.17
8450 2578.29
8451 3928.35
8452 2787.02
8453 1135.81
8454 3392.96
8455 171.52
8456 1320.54
8457 2287.46
8458 3756.84
8459 1174.52
8460 1051.48
8461 2731.21
8462 3299.65
8463 2357.20
8464 5190.73
8465 5022.69
8466 3548.06
8467 6597.43
8468 4125.99
8469 1140.50
8470 2520.46
8471 697.92
8472 8658.60
8473 2893.02
8474 477.01
8475 589.46
8476 4102.58
8477 1927.37
8478 923.25
8479 4023.85
8480 4491.28
8481 6147.24
8482 7611.92
8483 1189.19
8484 2999.80
8485 2876.64
8486 2334.09
8487 2511.54
8488 1217.90
8489 3377.86
8490 733.25
8491 8446.00
8492 1515.16
8493 986.33
8494 4709.80
8495 1355.42
8496 844.92
8497 1925.47
8498 1132.66
8499 3748.36
8500 3688.60
8501 4321.26
8502 3584.37
8503 2109.65
8504 4047.99
8505 1216.58
8506 9389.88
8507 4880.96
8508 4095.11
8509 1457.69
8510 1071.42
8511 3806.50
8512 2134.18
8513 1907.69
8514 1553.88
8515 7481.26
8516 6512.61
8517 3807.91
8518 1085.69
8519 3668.63
8520 5228.61
8521 7311.96
8522 2227.08
8523 1821.28
8524 3271.57
8525 5346.47
8526 1109.11
8527 5545.18
8528 1378.92
8529 6940.33
8530 8108.30
8531 5601.01
8532 1139.16
8533 1679.25
8534 1153.54
8535 2591.58
8536 724.37
8537 7324.75
8538 3631.15
8539 2059.15
8540 2672.32
8541 4756.06
8542 1462.88
8543 8428.14
8544 7774.86
8545 3478.57
8546 10063.38
8547 1780.00
8548 2764.46
8549 6033.67
8550 398.13
8551 619.64
8552 566.55
8553 429.86
8554 1191.52
8555 1499.48
8556 860.93
8557 1143.59
8558 1175.68
8559 1759.87
8560 1380.13
8561 2219.59
8562 972.06
8563 1462.84
8564 3089.16
8565 3395.54
8566 611.50
8567 1989.93
8568 2240.42
8569 1998.93
8570 1767.84
8571 1871.56
8572 1900.83
8573 1459.87
8574 116.48
8575 1966.22
8576 608.28
8577 1850.75
8578 650.55
8579 1540.84
8580 460.46
8581 1013.22
8582 619.24
8583 1318.13
8584 1113.34
8585 389.85
8586 202.88
8587 2561.13
8588 209.79
8589 1539.51
8590 523.85
8591 345.49
8592 550.80
8593 433.42
8594 456.73
8595 970.60
8596 1537.25
8597 576.53
8598 772.93
8599 2302.09
8600 1099.37
8601 1276.98
8602 2129.38
8603 1092.82
8604 1053.79
8605 1621.86
8606 638.58
8607 1111.21
8608 2899.03
8609 137.31
8610 860.46
8611 541.53
8612 958.39
8613 2204.59
8614 830.64
8615 430.49
8616 601.60
8617 1403.98
8618 1650.25
8619 592.17
8620 1185.64
8621 1062.14
8622 644.64
8623 935.12
8624 1359.21
8625 2370.04
8626 342.81
8627 80.81
8628 1499.63
8629 2136.75
8630 646.72
8631 1167.75
8632 1086.76
8633 1741.73
8634 1099.49
8635 1231.82
8636 1830.06
8637 1599.80
8638 738.37
8639 663.40
8640 1146.71
8641 1209.92
8642 469.89
8643 486.79
8644 1644.89
8645 1105.77
8646 605.06
8647 1323.91
8648 755.55
8649 925.99
8650 1016.08
8651 597.64
8652 487.03
8653 274.53
8654 2750.34
8655 878.61
8656 1147.18
8657 2710.98
8658 1830.90
8659 1217.71
8660 1727.15
8661 1349.15
8662 859.23
8663 446.86
8664 1031.36
8665 821.11
8666 442.64
8667 791.16
8668 534.85
8669 234.58
8670 1949.56
8671 1224.13
8672 551.02
8673 1347.35
8674 3066.42
8675 3233.94
8676 909.66
8677 789.91
8678 846.31
8679 461.17
8680 994.01
8681 458.09
8682 758.01
8683 593.94
8684 2015.26
8685 386.43
8686 485.11
8687 797.40
8688 331.02
8689 1467.14
8690 699.11
8691 460.05
8692 894.56
8693 1071.83
8694 2257.25
8695 2163.17
8696 298.12
8697 969.50
8698 1458.36
8699 790.41
8700 645.04
8701 692.93
8702 717.13
8703 833.63
8704 1014.54
8705 1224.49
8706 2781.15
8707 853.26
8708 572.25
8709 319.21
8710 779.14
8711 806.82
8712 914.21
8713 1460.65
8714 1100.36
8715 821.24
8716 883.29
8717 533.12
8718 437.74
8719 1339.34
8720 748.68
8721 954.68
8722 1475.88
8723 1494.45
8724 1506.33
8725 1134.27
8726 1424.75
8727 549.02
8728 801.77
8729 1627.72
8730 1864.34
8731 285.66
8732 1243.46
8733 464.15
8734 1083.26
8735 1782.73
8736 808.31
8737 1887.21
8738 873.21
8739 1461.18
8740 1401.58
8741 655.07
8742 639.15
8743 1799.51
8744 1762.24
8745 1107.29
8746 293.92
8747 1016.12
8748 916.78
8749 1024.79
8750 1275.90
8751 432.44
8752 1441.80
8753 1636.27
8754 1118.37
8755 901.43
8756 1692.75
8757 1023.71
8758 1774.94
8759 746.65
8760 1053.51
8761 2707.16
8762 1566.80
8763 340.00
8764 1088.66
8765 1942.55
8766 1002.25
8767 236.03
8768 1643.80
8769 506.91
8770 327.47
8771 798.27
8772 696.98
8773 1133.59
8774 1437.72
8775 927.86
8776 2389.13
8777 2227.61
8778 1755.46
8779 724.58
8780 840.01
8781 482.26
8782 1128.83
8783 562.52
8784 2891.01
8785 995.95
8786 1147.30
8787 1464.33
8788 964.23
8789 952.96
8790 305.35
8791 246.52
8792 1194.26
8793 1008.98
8794 1146.80
8795 628.76
8796 684.11
8797 782.66
8798 871.45
8799 464.78
8800 1290.51
8801 585.39
8802 524.43
8803 696.80
8804 973.44
8805 587.70
8806 740.18
8807 302.64
8808 576.79
8809 680.31
8810 1735.20
8811 1949.39
8812 379.14
8813 957.88
8814 804.92
8815 868.41
8816 718.29
8817 1356.97
8818 918.43
8819 604.68
8820 510.03
8821 761.83
8822 532.67
8823 2172.30
8824 1043.68
8825 803.74
8826 1598.56
8827 620.96
8828 1198.83
8829 776.96
8830 916.48
8831 1516.40
8832 1770.41
8833 1219.35
8834 847.48
8835 431.30
8836 916.37
8837 1740.68
8838 852.55
8839 918.42
8840 595.38
8841 1111.94
8842 905.25
8843 809.09
8844 1061.23
8845 744.48
8846 580.90
8847 450.70
8848 1947.16
8849 1315.23
8850 694.19
8851 1281.12
8852 689.67
8853 1029.63
8854 1364.12
8855 537.06
8856 972.20
8857 1481.67
8858 1212.01
8859 983.65
8860 1574.06
8861 662.93
8862 447.28
8863 958.80
8864 693.20
8865 711.92
8866 726.87
8867 577.11
8868 950.27
8869 635.48
8870 590.24
8871 633.54
8872 1161.04
8873 1975.56
8874 1794.65
8875 1461.56
8876 1496.22
8877 1346.07
8878 589.59
8879 261.60
8880 1074.95
8881 420.63
8882 966.83
8883 841.12
8884 1658.18
8885 1912.51
8886 881.35
8887 528.74
8888 734.61
8889 2214.75
8890 1291.48
8891 349.03
8892 228.33
8893 644.37
8894 1380.86
8895 1135.97
8896 637.18
8897 276.55
8898 1569.62
8899 1633.01
8900 769.17
8901 832.56
8902 1024.91
8903 1188.67
8904 877.88
8905 410.83
8906 2052.24
8907 504.60
8908 457.16
8909 445.10
8910 816.31
8911 1136.71
8912 571.86
8913 1499.94
8914 596.92
8915 785.17
8916 716.46
8917 450.92
8918 1627.94
8919 769.37
8920 550.56
8921 1347.04
8922 1250.47
8923 700.09
8924 701.93
8925 1210.00
8926 403.35
8927 743.28
8928 1893.31
8929 1103.14
8930 1165.11
8931 1883.10
8932 148.66
8933 1760.31
8934 447.23
8935 1088.47
8936 1235.95
8937 430.68
8938 773.06
8939 468.09
8940 948.44
8941 1272.86
8942 789.46
8943 463.82
8944 961.48
8945 424.83
8946 1033.59
8947 600.52
8948 1170.97
8949 721.82
8950 537.84
8951 965.78
8952 652.75
8953 875.13
8954 738.43
8955 1971.44
8956 1108.02
8957 1152.62
8958 416.88
8959 797.18
8960 419.11
8961 1674.59
8962 1388.88
8963 1433.06
8964 1264.68
8965 1777.77
8966 120.09
8967 784.41
8968 1555.81
8969 1827.85
8970 1840.01
8971 283.02
8972 692.64
8973 312.67
8974 1382.75
8975 1249.52
8976 1060.65
8977 3735.75
8978 168.17
8979 824.70
8980 785.45
8981 810.19
8982 614.61
8983 299.55
8984 1095.39
8985 1098.65
8986 1566.99
8987 1215.51
8988 966.12
8989 439.40
8990 690.42
8991 351.09
8992 1685.53
8993 1146.74
8994 301.99
8995 751.49
8996 1137.08
8997 850.25
8998 1366.15
8999 928.63
9000 853.20
9001 243.68
9002 1735.01
9003 1158.32
9004 1197.76
9005 319.51
9006 1381.86
9007 793.32
9008 651.99
9009 1160.23
9010 1524.33
9011 1473.17
9012 926.86
9013 803.88
9014 929.69
9015 2324.66
9016 768.91
9017 875.52
9018 1117.67
9019 950.34
9020 1417.54
9021 2663.42
9022 947.23
9023 1195.61
9024 953.62
9025 2603.22
9026 1046.12
9027 1332.04
9028 564.91
9029 930.36
9030 1623.47
9031 2311.39
9032 2971.67
9033 2163.44
9034 1410.51
9035 853.97
9036 1575.64
9037 578.93
9038 1039.20
9039 1360.84
9040 844.08
9041 815.73
9042 1804.57
9043 776.47
9044 448.76
9045 1584.99
9046 1147.51
9047 1630.22
9048 624.87
9049 2381.65
9050 993.11
9051 2076.34
9052 155.64
9053 363.62
9054 442.28
9055 426.11
9056 585.58
9057 341.59
9058 615.12
9059 1425.80
9060 629.68
9061 1116.25
9062 1692.44
9063 411.11
9064 797.35
9065 758.38
9066 817.71
9067 1920.69
9068 588.98
9069 383.11
9070 353.64
9071 1601.32
9072 1650.95
9073 794.08
9074 447.26
9075 1225.30
9076 817.98
9077 509.09
9078 1163.07
9079 635.91
9080 2036.96
9081 346.25
9082 958.42
9083 391.54
9084 617.27
9085 848.95
9086 1554.89
9087 209.99
9088 976.29
9089 686.08
9090 889.31
9091 1302.93
9092 1763.77
9093 297.16
9094 875.87
9095 999.49
9096 1394.14
9097 355.36
9098 1165.99
9099 947.12
9100 1063.65
9101 659.99
9102 1907.86
9103 1844.64
9104 1779.21
9105 889.24
9106 449.89
9107 210.13
9108 2442.93
9109 1816.47
9110 843.43
9111 255.48
9112 1600.91
9113 1713.70
9114 319.42
9115 2137.68
9116 1192.99
9117 2724.55
9118 1701.84
9119 1324.44
9120 835.31
9121 1410.19
9122 1939.06
9123 737.48
9124 953.42
9125 2453.55
9126 538.27
9127 755.51
9128 547.45
9129 615.04
9130 896.46
9131 338.28
9132 1180.81
9133 1212.30
9134 840.77
9135 899.66
9136 2177.76
9137 739.95
9138 945.17
9139 563.19
9140 1841.94
9141 1185.55
9142 642.85
9143 754.93
9144 1057.70
9145 1040.93
9146 492.80
9147 813.60
9148 1003.72
9149 457.68
9150 1134.27
9151 411.83
9152 808.74
9153 1337.96
9154 1763.09
9155 1141.70
9156 996.49
9157 405.10
9158 316.51
9159 774.90
9160 437.08
9161 462.73
9162 1142.11
9163 1424.88
9164 990.84
9165 407.19
9166 1574.16
9167 2131.51
9168 750.96
9169 1656.77
9170 831.83
9171 408.10
9172 1251.47
9173 895.17
9174 1065.11
9175 2156.11
9176 1216.91
9177 1259.37
9178 831.58
9179 655.85
9180 1800.87
9181 651.99
9182 727.32
9183 584.38
9184 868.21
9185 2412.33
9186 633.16
9187 792.60
9188 1300.45
9189 443.96
9190 1013.67
9191 764.35
9192 1066.79
9193 745.63
9194 931.08
9195 1631.22
9196 397.64
9197 145.41
9198 498.03
9199 571.12
9200 178.80
9201 431.87
9202 481.36
9203 775.26
9204 781.44
9205 922.04
9206 1212.46
9207 1221.13
9208 429.37
9209 1349.31
9210 598.07
9211 1262.12
9212 2206.91
9213 1270.02
9214 626.71
9215 1474.47
9216 1340.67
9217 1975.14
9218 604.44
9219 2845.23
9220 981.91
9221 486.45
9222 1418.14
9223 1127.22
9224 1548.98
9225 855.10
9226 196.39
9227 1048.00
9228 788.75
9229 140.60
9230 1744.08
9231 455.82
9232 923.56
9233 1145.64
9234 1266.09
9235 1181.60
9236 1253.42
9237 1751.89
9238 452.89
9239 1015.00
9240 717.63
9241 1397.43
9242 487.70
9243 823.72
9244 1304.87
9245 675.09
9246 1710.32
9247 772.70
9248 1427.76
9249 408.26
9250 1614.12
9251 2930.59
9252 491.33
9253 1048.56
9254 2343.30
9255 689.69
9256 898.31
9257 496.26
9258 407.43
9259 1482.66
9260 1497.91
9261 1593.72
9262 633.23
9263 1548.54
9264 1234.20
9265 602.19
9266 468.38
9267 2148.14
9268 1129.75
9269 559.53
9270 447.86
9271 583.89
9272 1134.98
9273 776.38
9274 240.18
9275 1774.60
9276 1004.84
9277 163.26
9278 215.06
9279 1534.23
9280 1160.15
9281 1392.79
9282 631.20
9283 1288.87
9284 433.37
9285 1283.40
9286 1724.66
9287 974.07
9288 741.98
9289 446.89
9290 338.00
9291 985.01
9292 1612.92
9293 873.30
9294 750.90
9295 5025.93
9296 1234.80
9297 1518.23
9298 1272.63
9299 477.28
9300 1710.50
9301 1232.87
9302 1057.36
9303 553.62
9304 664.22
9305 698.55
9306 343.64
9307 929.50
9308 713.66
9309 698.41
9310 578.48
9311 791.97
9312 909.59
9313 1251.00
9314 331.48
9315 823.37
9316 629.65
9317 1363.65
9318 857.68
9319 562.30
9320 777.15
9321 1581.39
9322 958.05
9323 621.46
9324 1417.21
9325 134.19
9326 1410.15
9327 1104.34
9328 291.91
9329 883.99
9330 1277.73
9331 1105.21
9332 2146.24
9333 592.41
9334 497.19
9335 229.60
9336 1579.25
9337 1053.24
9338 415.03
9339 789.48
9340 1178.04
9341 237.85
9342 301.05
9343 1201.38
9344 232.33
9345 1355.28
9346 554.99
9347 860.69
9348 624.79
9349 1299.68
9350 932.92
9351 767.13
9352 436.09
9353 1539.83
9354 1543.29
9355 305.84
9356 199.48
9357 971.40
9358 1608.62
9359 408.24
9360 1714.22
9361 1191.32
9362 616.53
9363 1705.37
9364 1236.95
9365 1996.75
9366 1258.29
9367 1628.25
9368 1047.16
9369 1891.66
9370 736.84
9371 958.03
9372 453.38
9373 734.53
9374 895.60
9375 578.83
9376 426.07
9377 1047.41
9378 502.97
9379 399.17
9380 662.20
9381 463.06
9382 2399.33
9383 1990.36
9384 1981.74
9385 1126.03
9386 1203.80
9387 882.12
9388 1077.90
9389 985.13
9390 1012.77
9391 817.76
9392 745.26
9393 1054.98
9394 980.96
9395 1093.84
9396 712.64
9397 1096.52
9398 861.26
9399 247.46
9400 1093.89
9401 1002.94
9402 408.34
9403 1060.02
9404 2142.81
9405 1682.44
9406 459.41
9407 865.31
9408 893.50
9409 474.87
9410 1003.34
9411 1163.44
9412 2689.24
9413 249.66
9414 550.52
9415 1929.40
9416 1611.33
9417 682.19
9418 330.98
9419 2186.21
9420 1041.97
9421 976.60
9422 1178.65
9423 1222.53
9424 1773.02
9425 120.18
9426 1061.11
9427 663.29
9428 2134.72
9429 783.58
9430 752.18
9431 909.40
9432 500.58
9433 1275.27
9434 1131.48
9435 2593.85
9436 730.67
9437 965.85
9438 219.66
9439 1920.03
9440 400.88
9441 967.61
9442 896.05
9443 1464.88
9444 1360.56
9445 484.73
9446 1611.91
9447 963.92
9448 2569.96
9449 1364.30
9450 1510.78
9451 1062.84
9452 1321.20
9453 1779.10
9454 980.39
9455 215.70
9456 815.95
9457 1224.48
9458 355.20
9459 615.79
9460 909.59
9461 1294.38
9462 316.73
9463 1178.68
9464 554.18
9465 1166.12
9466 1764.12
9467 526.58
9468 1260.01
9469 560.27
9470 1285.72
9471 555.12
9472 975.26
9473 1735.61
9474 1787.30
9475 1881.33
9476 744.67
9477 1160.65
9478 629.94
9479 939.89
9480 248.81
9481 856.55
9482 733.81
9483 1066.01
9484 3504.13
9485 866.76
9486 1597.61
9487 1163.42
9488 699.93
9489 316.02
9490 1131.71
9491 527.11
9492 420.12
9493 1747.28
9494 2278.57
9495 1161.13
9496 1749.59
9497 458.20
9498 1448.82
9499 818.26
9500 0.00
9501 0.00
9502 0.00
9503 0.00
9504 0.00
9505 0.00
9506 0.00
9507 0.00
9508 0.00
9509 0.00
9510 0.00
9511 0.00
9512 0.00
9513 0.00
9514 0.00
9515 0.00
9516 0.00
9517 0.00
9518 0.00
9519 0.00
9520 0.00
9521 0.00
9522 0.00
9523 0.00
9524 0.00
9525 0.00
9526 0.00
9527 0.00
9528 0.00
9529 0.00
9530 0.00
9531 0.00
9532 0.00
9533 0.00
9534 0.00
9535 0.00
9536 0.00
9537 0.00
9538 0.00
9539 0.00
9540 0.00
9541 0.00
9542 0.00
9543 0.00
9544 0.00
9545 0.00
9546 0.00
9547 0.00
9548 0.00
9549 0.00
9550 0.00
9551 0.00
9552 0.00
9553 0.00
9554 0.00
9555 0.00
9556 0.00
9557 0.00
9558 0.00
9559 0.00
9560 0.00
9561 0.00
9562 0.00
9563 0.00
9564 0.00
9565 0.00
9566 0.00
9567 0.00
9568 0.00
9569 0.00
9570 0.00
9571 0.00
9572 0.00
9573 0.00
9574 0.00
9575 0.00
9576 0.00
9577 0.00
9578 0.00
9579 0.00
9580 0.00
9581 0.00
9582 0.00
9583 0.00
9584 0.00
9585 0.00
9586 0.00
9587 0.00
9588 0.00
9589 0.00
9590 0.00
9591 0.00
9592 0.00
9593 0.00
9594 0.00
9595 0.00
9596 0.00
9597 0.00
9598 0.00
9599 0.00
9600 0.00
9601 0.00
9602 0.00
9603 0.00
9604 0.00
9605 0.00
9606 0.00
9607 0.00
9608 0.00
9609 0.00
9610 0.00
9611 0.00
9612 0.00
9613 0.00
9614 0.00
9615 0.00
9616 0.00
9617 0.00
9618 0.00
9619 0.00
9620 0.00
9621 0.00
9622 0.00
9623 0.00
9624 0.00
9625 0.00
9626 0.00
9627 0.00
9628 0.00
9629 0.00
9630 0.00
9631 0.00
9632 0.00
9633 0.00
9634 0.00
9635 0.00
9636 0.00
9637 0.00
9638 0.00
9639 0.00
9640 0.00
9641 0.00
9642 0.00
9643 0.00
9644 0.00
9645 0.00
9646 0.00
9647 0.00
9648 0.00
9649 0.00
9650 0.00
9651 0.00
9652 0.00
9653 0.00
9654 0.00
9655 0.00
9656 0.00
9657 0.00
9658 0.00
9659 0.00
9660 0.00
9661 0.00
9662 0.00
9663 0.00
9664 0.00
9665 0.00
9666 0.00
9667 0.00
9668 0.00
9669 0.00
9670 0.00
9671 0.00
9672 0.00
9673 0.00
9674 0.00
9675 0.00
9676 0.00
9677 0.00
9678 0.00
9679 0.00
9680 0.00
9681 0.00
9682 0.00
9683 0.00
9684 0.00
9685 0.00
9686 0.00
9687 0.00
9688 0.00
9689 0.00
9690 0.00
9691 0.00
9692 0.00
9693 0.00
9694 0.00
9695 0.00
9696 0.00
9697 0.00
9698 0.00
9699 0.00
9700 0.00
9701 0.00
9702 0.00
9703 0.00
9704 0.00
9705 0.00
9706 0.00
9707 0.00
9708 0.00
9709 0.00
9710 0.00
9711 0.00
9712 0.00
9713 0.00
9714 0.00
9715 0.00
9716 0.00
9717 0.00
9718 0.00
9719 0.00
9720 0.00
9721 0.00
9722 0.00
9723 0.00
9724 0.00
9725 0.00
9726 0.00
9727 0.00
9728 0.00
9729 0.00
9730 0.00
9731 0.00
9732 0.00
9733 0.00
9734 0.00
9735 0.00
9736 0.00
9737 0.00
9738 0.00
9739 0.00
9740 0.00
9741 0.00
9742 0.00
9743 0.00
9744 0.00
9745 0.00
9746 0.00
9747 0.00
9748 0.00
9749 0.00
9750 0.00
9751 0.00
9752 0.00
9753 0.00
9754 0.00
9755 0.00
9756 0.00
9757 0.00
9758 0.00
9759 0.00
9760 0.00
9761 0.00
9762 0.00
9763 0.00
9764 0.00
9765 0.00
9766 0.00
9767 0.00
9768 0.00
9769 0.00
9770 0.00
9771 0.00
9772 0.00
9773 0.00
9774 0.00
9775 0.00
9776 0.00
9777 0.00
9778 0.00
9779 0.00
9780 0.00
9781 0.00
9782 0.00
9783 0.00
9784 0.00
9785 0.00
9786 0.00
9787 0.00
9788 0.00
9789 0.00
9790 0.00
9791 0.00
9792 0.00
9793 0.00
9794 0.00
9795 0.00
9796 0.00
9797 0.00
9798 0.00
9799 0.00
9800 0.00
9801 0.00
9802 0.00
9803 0.00
9804 0.00
9805 0.00
9806 0.00
9807 0.00
9808 0.00
9809 0.00
9810 0.00
9811 0.00
9812 0.00
9813 0.00
9814 0.00
9815 0.00
9816 0.00
9817 0.00
9818 0.00
9819 0.00
9820 0.00
9821 0.00
9822 0.00
9823 0.00
9824 0.00
9825 0.00
9826 0.00
9827 0.00
9828 0.00
9829 0.00
9830 0.00
9831 0.00
9832 0.00
9833 0.00
9834 0.00
9835 0.00
9836 0.00
9837 0.00
9838 0.00
9839 0.00
9840 0.00
9841 0.00
9842 0.00
9843 0.00
9844 0.00
9845 0.00
9846 0.00
9847 0.00
9848 0.00
9849 0.00
9850 0.00
9851 0.00
9852 0.00
9853 0.00
9854 0.00
9855 0.00
9856 0.00
9857 0.00
9858 0.00
9859 0.00
9860 0.00
9861 0.00
9862 0.00
9863 0.00
9864 0.00
9865 0.00
9866 0.00
9867 0.00
9868 0.00
9869 0.00
9870 0.00
9871 0.00
9872 0.00
9873 0.00
9874 0.00
9875 0.00
9876 0.00
9877 0.00
9878 0.00
9879 0.00
9880 0.00
9881 0.00
9882 0.00
9883 0.00
9884 0.00
9885 0.00
9886 0.00
9887 0.00
9888 0.00
9889 0.00
9890 0.00
9891 0.00
9892 0.00
9893 0.00
9894 0.00
9895 0.00
9896 0.00
9897 0.00
9898 0.00
9899 0.00
9900 0.00
9901 0.00
9902 0.00
9903 0.00
9904 0.00
9905 0.00
9906 0.00
9907 0.00
9908 0.00
9909 0.00
9910 0.00
9911 0.00
9912 0.00
9913 0.00
9914 0.00
9915 0.00
9916 0.00
9917 0.00
9918 0.00
9919 0.00
9920 0.00
9921 0.00
9922 0.00
9923 0.00
9924 0.00
9925 0.00
9926 0.00
9927 0.00
9928 0.00
9929 0.00
9930 0.00
9931 0.00
9932 0.00
9933 0.00
9934 0.00
9935 0.00
9936 0.00
9937 0.00
9938 0.00
9939 0.00
9940 0.00
9941 0.00
9942 0.00
9943 0.00
9944 0.00
9945 0.00
9946 0.00
9947 0.00
9948 0.00
9949 0.00
9950 0.00
9951 0.00
9952 0.00
9953 0.00
9954 0.00
9955 0.00
9956 0.00
9957 0.00
9958 0.00
9959 0.00
9960 0.00
9961 0.00
9962 0.00
9963 0.00
9964 0.00
9965 0.00
9966 0.00
9967 0.00
9968 0.00
9969 0.00
9970 0.00
9971 0.00
9972 0.00
9973 0.00
9974 0.00
9975 0.00
9976 0.00
9977 0.00
9978 0.00
9979 0.00
9980 0.00
9981 0.00
9982 0.00
9983 0.00
9984 0.00
9985 0.00
9986 0.00
9987 0.00
9988 0.00
9989 0.00
9990 0.00
9991 0.00
9992 0.00
9993 0.00
9994 0.00
9995 0.00
9996 0.00
9997 0.00
9998 0.00
9999 0.00
Execution time: 20169.267 ms
